date,origin_district,origin_municplty,item,Cesium_134_Plus_Cesium_137C
2011-05-22,Kennan,Higashishirakawa county Tanagura town,Wild boar,240
2011-06-07,Kennan,Higashishirakawa county Tanagura town,Wild boar,440
2011-08-12,Kenchu,Koriyama city,Black bear,500
2011-08-15,Kempoku,Nihommatsu city,Black bear,680
2011-08-28,Kempoku,Adachi county Otama village,Black bear,200
2011-08-31,Kempoku,Fukushima city,Black bear,640
2011-09-05,Kenchu,Koriyama city,Black bear,240
2011-09-05,Kempoku,Nihommatsu city,Wild boar,15000
2011-09-08,Aizu,Onuma county Mishima town,Black bear,140
2011-09-10,Kempoku,Nihommatsu city,Wild boar,2600
2011-09-13,Kenchu,Ishikawa county Hirata village,Wild boar,170
2011-09-15,Kempoku,Nihommatsu city,Wild boar,620
2011-09-21,Kempoku,Nihommatsu city,Wild boar,880
2011-09-22,Kempoku,Nihommatsu city,Wild boar,1600
2011-09-25,Kempoku,Nihommatsu city,Wild boar,700
2011-09-26,Kennan,Higashishirakawa county Tanagura town,Wild boar,770
2011-10-01,Kennan,Higashishirakawa county Samegawa village,Wild boar,380
2011-10-02,Minamiaizu,Minamiaizu county Hinoemata village,Japanese sika deer,460
2011-10-02,Iwaki,Iwaki city,Wild boar,1100
2011-10-05,Kennan,Nishishirakawa county Nishigo village,Wild boar,980
2011-10-07,Soso,Minamisoma city,Wild boar,2300
2011-10-07,Kempoku,Date city,Wild boar,1000
2011-10-07,Kempoku,Date city,Wild boar,1100
2011-10-07,Iwaki,Iwaki city,Wild boar,310
2011-10-07,Kempoku,Nihommatsu city,Wild boar,1000
2011-10-08,Minamiaizu,Minamiaizu county Shimogo town,Black bear,43
2011-10-10,Iwaki,Iwaki city,Wild boar,650
2011-10-13,Kempoku,Date city,Wild boar,1300
2011-10-14,Kenchu,Sukagawa city,Wild boar,150
2011-10-17,Soso,Minamisoma city,Wild boar,4100
2011-10-17,Kennan,Higashishirakawa county Samegawa village,Wild boar,580
2011-10-19,Kempoku,Date county Kawamata town,Wild boar,1000
2011-10-19,Soso,Soma city,Wild boar,360
2011-10-19,Soso,Soma city,Ducks,59
2011-10-19,Soso,Soma city,Pheasant,170
2011-10-20,Kennan,Higashishirakawa county Tanagura town,Ducks,14
2011-10-20,Kempoku,Fukushima city,Copper pheasant,77
2011-10-21,Kenchu,Ishikawa county Hirata village,Wild boar,270
2011-10-21,Kenchu,Ishikawa county Tamakawa village,Ducks,15
2011-10-21,Kempoku,Date city,Copper pheasant,400
2011-10-22,Kenchu,Sukagawa city,Wild boar,150
2011-10-22,Kennan,Higashishirakawa county Tanagura town,Wild boar,770
2011-10-22,Kempoku,Nihommatsu city,Wild boar,1600
2011-10-24,Iwaki,Iwaki city,Pheasant,18
2011-10-24,Kennan,Nishishirakawa county Nishigo village,Ducks,100
2011-10-24,Kennan,Nishishirakawa county Nishigo village,Ducks,170
2011-10-24,Kempoku,Nihommatsu city,Wild boar,690
2011-10-25,Kennan,Higashishirakawa county Hanawa town,Wild boar,310
2011-10-25,Soso,Soma city,Wild boar,1000
2011-10-25,Kennan,Nishishirakawa county Nishigo village,Pheasant,160
2011-10-25,Kenchu,Koriyama city,Pheasant,42
2011-10-25,Kenchu,Koriyama city,Pheasant,43
2011-10-25,Soso,Minamisoma city,Wild boar,3700
2011-10-26,Aizu,Kitakata city,Black bear,85
2011-10-26,Kempoku,Date city,Ducks,39
2011-10-26,Soso,Soma city,Ducks,64
2011-10-27,Kempoku,Date county Kawamata town,Wild boar,870
2011-10-27,Soso,Soma city,Pheasant,180
2011-10-27,Soso,Soma city,Pheasant,310
2011-10-29,Soso,Soma city,Wild boar,5700
2011-10-29,Aizu,Aizuwakamatsu city,Copper pheasant,29
2011-10-29,Iwaki,Iwaki city,Ducks,84
2011-10-31,Kempoku,Nihommatsu city,Wild boar,740
2011-10-31,Kempoku,Nihommatsu city,Wild boar,1000
2011-10-31,Soso,Minamisoma city,Wild boar,1700
2011-10-31,Soso,Minamisoma city,Pheasant,35
2011-11-01,Kenchu,Tamura county Ono town,Copper pheasant,47
2011-11-04,Kennan,Shirakawa city,Wild boar,1100
2011-11-07,Kennan,Shirakawa city,Wild boar,140
2011-11-08,Kempoku,Nihommatsu city,Wild boar,820
2011-11-09,Soso,Soma city,Wild boar,390
2011-11-09,Iwaki,Iwaki city,Ducks,58
2011-11-13,Kenchu,Koriyama city,Copper pheasant,120
2011-11-15,Kennan,Shirakawa city,Wild boar,940
2011-11-15,Kempoku,Date city,Ducks,65
2011-11-15,Kempoku,Nihommatsu city,Pheasant,79
2011-11-15,Kempoku,Nihommatsu city,Pheasant,230
2011-11-16,Kempoku,Date county Kawamata town,Ducks,87
2011-11-16,Kempoku,Nihommatsu city,Pheasant,230
2011-11-16,Kempoku,Nihommatsu city,Pheasant,86
2011-11-17,Kempoku,Nihommatsu city,Wild boar,530
2011-11-17,Soso,Minamisoma city,Ducks,97
2011-11-17,Kempoku,Fukushima city,Wild boar,790
2011-11-18,Kennan,Shirakawa city,Wild boar,1300
2011-11-19,Kennan,Shirakawa city,Pheasant,34
2011-11-20,Kenchu,Koriyama city,Wild boar,320
2011-11-20,Kennan,Shirakawa city,Ducks,70
2011-11-20,Iwaki,Iwaki city,Copper pheasant,740
2011-11-21,Kennan,Nishishirakawa county Nishigo village,Black bear,740
2011-11-21,Iwaki,Iwaki city,Wild boar,190
2011-11-21,Kempoku,Nihommatsu city,Pheasant,130
2011-11-22,Soso,Soma city,Wild boar,680
2011-11-23,Kenchu,Sukagawa city,Wild boar,650
2011-11-23,Kennan,Shirakawa city,Wild boar,910
2011-11-23,Iwaki,Iwaki city,Pheasant,43
2011-11-23,Minamiaizu,Minamiaizu county Minamiaizu town,Japanese sika deer,24
2011-11-24,Kennan,Shirakawa city,Wild boar,1100
2011-11-25,Kempoku,Nihommatsu city,Wild boar,670
2011-11-26,Aizu,Yama county Inawashiro town,Black bear,150
2011-11-26,Kenchu,Sukagawa city,Black bear,140
2011-11-26,Minamiaizu,Minamiaizu county Shimogo town,Black bear,52
2011-11-27,Iwaki,Iwaki city,Pheasant,140
2011-11-27,Minamiaizu,Minamiaizu county Minamiaizu town,Black bear,130
2011-11-27,Kennan,Shirakawa city,Japanese sika deer,440
2011-11-27,Aizu,Kitakata city,Copper pheasant,46
2011-11-28,Kennan,Shirakawa city,Wild boar,1300
2011-11-28,Kempoku,Date city,Wild boar,460
2011-11-28,Aizu,Yama county Nishiaizu town,Black bear,30
2011-11-29,Kenchu,Koriyama city,Ducks,92
2011-11-29,Kenchu,Sukagawa city,Ducks,18
2011-11-29,Soso,Minamisoma city,Ducks,270
2011-11-29,Kempoku,Fukushima city,Black bear,410
2011-11-30,Kenchu,Koriyama city,Wild boar,86
2011-11-30,Kennan,Nishishirakawa county Nishigo village,Wild boar,360
2011-11-30,Kennan,Higashishirakawa county Yamatsuri town,Wild boar,160
2011-11-30,Kempoku,Date county Kawamata town,Wild boar,1100
2011-11-30,Kenchu,Tamura city,Pheasant,140
2011-11-30,Kennan,Nishishirakawa county Nishigo village,Japanese sika deer,210
2011-12-01,Iwaki,Iwaki city,Pheasant,97
2011-12-01,Iwaki,Iwaki city,Copper pheasant,290
2011-12-02,Kennan,Shirakawa city,Wild boar,1000
2011-12-02,Kempoku,Date county Kawamata town,Wild boar,710
2011-12-02,Kempoku,Date county Kawamata town,Wild boar,910
2011-12-03,Kenchu,Koriyama city,Wild boar,220
2011-12-03,Kempoku,Nihommatsu city,Wild boar,3400
2011-12-03,Kempoku,Fukushima city,Pheasant,71
2011-12-04,Kempoku,Nihommatsu city,Wild boar,870
2011-12-04,Iwaki,Iwaki city,Wild boar,1400
2011-12-05,Kennan,Nishishirakawa county Nishigo village,Black bear,1900
2011-12-06,Kenchu,Ishikawa county Hirata village,Wild boar,13000
2011-12-07,Kempoku,Nihommatsu city,Wild boar,470
2011-12-07,Kempoku,Nihommatsu city,Wild boar,480
2011-12-07,Kempoku,Fukushima city,Copper pheasant,480
2011-12-08,Kempoku,Nihommatsu city,Wild boar,630
2011-12-10,Kempoku,Date city,Pheasant,60
2011-12-10,Kempoku,Fukushima city,Copper pheasant,300
2011-12-11,Soso,Minamisoma city,Wild boar,570
2011-12-11,Iwaki,Iwaki city,Pheasant,59
2011-12-11,Iwaki,Iwaki city,Pheasant,65
2011-12-12,Kempoku,Fukushima city,Ducks,410
2011-12-13,Kempoku,Nihommatsu city,Wild boar,2000
2011-12-17,Iwaki,Iwaki city,Wild boar,740
2011-12-17,Kempoku,Nihommatsu city,Wild boar,550
2011-12-18,Kenchu,Koriyama city,Japanese sika deer,140
2011-12-20,Soso,Soma city,Wild boar,1700
2011-12-20,Kenchu,Koriyama city,Japanese sika deer,230
2011-12-21,Kenchu,Koriyama city,Wild boar,290
2011-12-21,Kennan,Higashishirakawa county Yamatsuri town,Wild boar,930
2011-12-22,Aizu,Yama county Bandai town,Black bear,140
2011-12-23,Kempoku,Nihommatsu city,Wild boar,410
2011-12-25,Kempoku,Date city,Wild boar,760
2011-12-25,Iwaki,Iwaki city,Ducks,63
2011-12-25,Iwaki,Iwaki city,Ducks,82
2011-12-25,Kennan,Nishishirakawa county Nishigo village,Black bear,1100
2011-12-26,Kennan,Nishishirakawa county Nishigo village,Japanese sika deer,570
2011-12-28,Kenchu,Koriyama city,Wild boar,490
2011-12-28,Kempoku,Date county Kawamata town,Wild boar,550
2011-12-29,Kempoku,Date county Kawamata town,Wild boar,1100
2011-12-29,Kenchu,Koriyama city,Wild boar,250
2011-12-31,Kempoku,Date county Kawamata town,Wild boar,1300
2011-12-31,Kempoku,Date county Kawamata town,Wild boar,890
2011-12-31,Kempoku,Nihommatsu city,Wild boar,2300
2012-01-01,Iwaki,Iwaki city,Copper pheasant,200
2012-01-02,Kempoku,Adachi county Otama village,Wild boar,450
2012-01-03,Kenchu,Koriyama city,Ducks,55
2012-01-03,Iwaki,Iwaki city,Pheasant,87
2012-01-03,Kenchu,Sukagawa city,Wild boar,110
2012-01-04,Iwaki,Iwaki city,Pheasant,120
2012-01-05,Kempoku,Date county Kawamata town,Wild boar,650
2012-01-06,Iwaki,Iwaki city,Wild boar,430
2012-01-06,Kempoku,Date county Kawamata town,Wild boar,950
2012-01-07,Kenchu,Koriyama city,Wild boar,510
2012-01-07,Soso,Futaba county Kawauchi village,Wild boar,1300
2012-01-10,Kempoku,Date county Kawamata town,Hare,2000
2012-01-11,Soso,Soma city,Wild boar,510
2012-01-12,Kempoku,Nihommatsu city,Wild boar,620
2012-01-14,Kennan,Higashishirakawa county Yamatsuri town,Wild boar,1200
2012-01-15,Kenchu,Sukagawa city,Wild boar,170
2012-01-15,Aizu,Kitakata city,Ducks,14
2012-01-15,Kempoku,Nihommatsu city,Wild boar,800
2012-01-16,Soso,Soma city,Wild boar,1900
2012-01-16,Soso,Soma city,Wild boar,380
2012-01-17,Kempoku,Nihommatsu city,Wild boar,110
2012-01-19,Aizu,Yama county Nishiaizu town,Wild boar,120
2012-01-19,Kennan,Nishishirakawa county Nishigo village,Wild boar,1400
2012-01-20,Kempoku,Nihommatsu city,Wild boar,840
2012-01-21,Kempoku,Nihommatsu city,Wild boar,440
2012-01-21,Iwaki,Iwaki city,Pheasant,340
2012-01-22,Kenchu,Koriyama city,Wild boar,100
2012-01-22,Kempoku,Fukushima city,Wild boar,630
2012-01-22,Iwaki,Iwaki city,Pheasant,84
2012-01-23,Kenchu,Koriyama city,Wild boar,290
2012-01-23,Kempoku,Nihommatsu city,Wild boar,1700
2012-01-23,Kempoku,Nihommatsu city,Wild boar,270
2012-01-24,Soso,Soma city,Wild boar,370
2012-01-25,Kempoku,Nihommatsu city,Wild boar,630
2012-01-25,Kempoku,Nihommatsu city,Wild boar,640
2012-01-25,Kempoku,Nihommatsu city,Wild boar,330
2012-01-25,Kenchu,Sukagawa city,Black bear,210
2012-01-27,Kempoku,Nihommatsu city,Wild boar,580
2012-01-28,Kempoku,Nihommatsu city,Wild boar,1100
2012-01-28,Kempoku,Nihommatsu city,Wild boar,860
2012-01-29,Kenchu,Tamura city,Wild boar,600
2012-01-29,Kempoku,Nihommatsu city,Wild boar,680
2012-01-31,Kempoku,Nihommatsu city,Wild boar,750
2012-01-31,Kempoku,Date county Kawamata town,Ducks,150
2012-02-02,Kennan,Higashishirakawa county Yamatsuri town,Wild boar,730
2012-02-04,Kenchu,Koriyama city,Wild boar,170
2012-02-04,Kennan,Nishishirakawa county Nishigo village,Wild boar,660
2012-02-04,Kempoku,Date county Kawamata town,Wild boar,880
2012-02-04,Kempoku,Nihommatsu city,Wild boar,850
2012-02-07,Iwaki,Iwaki city,Pheasant,40
2012-02-07,Kenchu,Koriyama city,Pheasant,26
2012-02-10,Kempoku,Nihommatsu city,Wild boar,950
2012-02-11,Kenchu,Koriyama city,Japanese sika deer,160
2012-02-11,Kempoku,Nihommatsu city,Wild boar,1200
2012-02-13,Aizu,Yama county Inawashiro town,Japanese sika deer,120
2012-02-14,Kempoku,Date county Kawamata town,Wild boar,510
2012-02-15,Iwaki,Iwaki city,Pheasant,120
2012-02-16,Iwaki,Iwaki city,Pheasant,150
2012-02-17,Kempoku,Nihommatsu city,Wild boar,390
2012-02-18,Kempoku,Nihommatsu city,Wild boar,600
2012-02-19,Kenchu,Koriyama city,Wild boar,250
2012-02-19,Kempoku,Nihommatsu city,Wild boar,420
2012-02-22,Kempoku,Date county Kawamata town,Wild boar,840
2012-02-22,Kempoku,Adachi county Otama village,Wild boar,300
2012-02-26,Kempoku,Nihommatsu city,Wild boar,530
2012-02-26,Kempoku,Nihommatsu city,Wild boar,560
2012-02-27,Kempoku,Nihommatsu city,Wild boar,620
2012-02-28,Kempoku,Nihommatsu city,Wild boar,1700
2012-03-01,Aizu,Kitakata city,Wild boar,72
2012-03-01,Kempoku,Nihommatsu city,Wild boar,370
2012-03-03,Kempoku,Nihommatsu city,Wild boar,490
2012-03-04,Kempoku,Nihommatsu city,Wild boar,640
2012-03-04,Kempoku,Nihommatsu city,Wild boar,280
2012-03-04,Kempoku,Nihommatsu city,Wild boar,840
2012-03-04,Kempoku,Nihommatsu city,Wild boar,890
2012-03-06,Kenchu,Koriyama city,Wild boar,230
2012-03-07,Iwaki,Iwaki city,Ducks,130
2012-03-07,Iwaki,Iwaki city,Ducks,140
2012-03-09,Aizu,Yama county Nishiaizu town,Wild boar,12
2012-03-11,Aizu,Kitakata city,Wild boar,130
2012-03-13,Kempoku,Nihommatsu city,Wild boar,36
2012-03-13,Iwaki,Iwaki city,Ducks,120
2012-03-15,Aizu,Yama county Nishiaizu town,Wild boar,37
2012-03-15,Kenchu,Sukagawa city,Wild boar,120
2012-03-15,Minamiaizu,Minamiaizu county Shimogo town,Wild boar,44
2012-03-25,Kempoku,Date city,Wild boar,320
2012-03-26,Iwaki,Iwaki city,Ducks,46
2012-03-26,Iwaki,Iwaki city,Ducks,53
2012-03-28,Iwaki,Iwaki city,Ducks,77
2012-03-28,Iwaki,Iwaki city,Ducks,34
2012-03-28,Iwaki,Iwaki city,Ducks,37
2012-03-28,Iwaki,Iwaki city,Ducks,87
2012-05-25,Kempoku,Nihommatsu city,Wild boar,310
2012-05-25,Kempoku,Nihommatsu city,Wild boar,420
2012-05-26,Kempoku,Nihommatsu city,Black bear,420
2012-05-29,Kempoku,Adachi county Otama village,Black bear,240
2012-05-30,Kenchu,Koriyama city,Wild boar,110
2012-06-05,Kempoku,Nihommatsu city,Wild boar,340
2012-06-06,Kenchu,Sukagawa city,Wild boar,46
2012-06-08,Kempoku,Nihommatsu city,Black bear,160
2012-06-09,Kenchu,Tamura city,Wild boar,380
2012-06-10,Kempoku,Nihommatsu city,Wild boar,230
2012-06-10,Kempoku,Nihommatsu city,Wild boar,25000
2012-06-11,Aizu,Yama county Inawashiro town,Black bear,54
2012-06-12,Kenchu,Koriyama city,Wild boar,220
2012-06-13,Kenchu,Koriyama city,Wild boar,120
2012-06-13,Minamiaizu,Minamiaizu county Minamiaizu town,Black bear,280
2012-06-14,Kennan,Shirakawa city,Wild boar,350
2012-06-14,Kenchu,Koriyama city,Wild boar,100
2012-06-14,Kempoku,Fukushima city,Black bear,410
2012-06-15,Kempoku,Nihommatsu city,Wild boar,170
2012-06-16,Kempoku,Nihommatsu city,Wild boar,220
2012-06-18,Kempoku,Adachi county Otama village,Wild boar,160
2012-06-23,Kempoku,Nihommatsu city,Wild boar,370
2012-06-24,Kenchu,Koriyama city,Black bear,110
2012-06-24,Kempoku,Date county Kawamata town,Wild boar,420
2012-06-27,Aizu,Yama county Kitashiobara village,Black bear,190
2012-06-28,Kenchu,Koriyama city,Black bear,130
2012-06-29,Kempoku,Fukushima city,Black bear,540
2012-07-01,Aizu,Onuma county Aizumisato town,Wild boar,18
2012-07-01,Kenchu,Tamura city,Wild boar,1100
2012-07-01,Kennan,Higashishirakawa county Hanawa town,Wild boar,190
2012-07-03,Iwaki,Iwaki city,Wild boar,210
2012-07-07,Minamiaizu,Minamiaizu county Minamiaizu town,Black bear,58
2012-07-09,Minamiaizu,Minamiaizu county Minamiaizu town,Black bear,37
2012-07-13,Kennan,Higashishirakawa county Hanawa town,Wild boar,110
2012-07-13,Kempoku,Fukushima city,Wild boar,410
2012-07-20,Soso,Minamisoma city,Wild boar,2000
2012-07-20,Aizu,Yama county Nishiaizu town,Black bear,21
2012-07-20,Kempoku,Nihommatsu city,Wild boar,1600
2012-07-21,Kenchu,Koriyama city,Black bear,49
2012-07-23,Kempoku,Nihommatsu city,Wild boar,670
2012-07-25,Kempoku,Nihommatsu city,Wild boar,230
2012-07-26,Aizu,Yama county Inawashiro town,Black bear,67
2012-07-27,Kempoku,Fukushima city,Wild boar,450
2012-07-27,Kenchu,Tamura city,Pheasant,150
2012-07-27,Kempoku,Nihommatsu city,Wild boar,170
2012-07-29,Kennan,Nishishirakawa county Nishigo village,Wild boar,130
2012-07-30,Kempoku,Nihommatsu city,Wild boar,660
2012-07-30,Aizu,Yama county Nishiaizu town,Black bear,15
2012-07-30,Kempoku,Fukushima city,Black bear,320
2012-07-31,Kenchu,Koriyama city,Wild boar,280
2012-07-31,Kenchu,Tamura city,Wild boar,500
2012-07-31,Minamiaizu,Minamiaizu county Shimogo town,Black bear,42
2012-08-02,Aizu,Yama county Kitashiobara village,Black bear,140
2012-08-03,Kennan,Shirakawa city,Wild boar,310
2012-08-04,Kempoku,Nihommatsu city,Wild boar,370
2012-08-05,Aizu,Onuma county Aizumisato town,Black bear,33
2012-08-06,Aizu,Yama county Inawashiro town,Black bear,100
2012-08-06,Kenchu,Koriyama city,Black bear,120
2012-08-06,Aizu,Yama county Kitashiobara village,Black bear,160
2012-08-07,Aizu,Kitakata city,Black bear,45
2012-08-07,Aizu,Yama county Inawashiro town,Black bear,200
2012-08-07,Aizu,Yama county Kitashiobara village,Black bear,110
2012-08-09,Kempoku,Adachi county Otama village,Black bear,110
2012-08-10,Kenchu,Koriyama city,Wild boar,360
2012-08-10,Soso,Soma city,Wild boar,990
2012-08-10,Aizu,Aizuwakamatsu city,Black bear,61
2012-08-12,Kempoku,Nihommatsu city,Wild boar,1000
2012-08-14,Kennan,Higashishirakawa county Yamatsuri town,Wild boar,100
2012-08-15,Aizu,Onuma county Showa village,Black bear,140
2012-08-15,Kenchu,Koriyama city,Black bear,360
2012-08-16,Kempoku,Date county Kawamata town,Wild boar,6000
2012-08-17,Kenchu,Koriyama city,Black bear,69
2012-08-19,Aizu,Yama county Nishiaizu town,Black bear,22
2012-08-19,Kempoku,Nihommatsu city,Black bear,210
2012-08-20,Kenchu,Koriyama city,Black bear,100
2012-08-21,Kempoku,Fukushima city,Wild boar,2100
2012-08-21,Aizu,Aizuwakamatsu city,Black bear,130
2012-08-21,Minamiaizu,Minamiaizu county Minamiaizu town,Black bear,40
2012-08-22,Aizu,Onuma county Aizumisato town,Black bear,84
2012-08-22,Aizu,Onuma county Aizumisato town,Black bear,110
2012-08-22,Aizu,Yama county Bandai town,Black bear,110
2012-08-23,Kenchu,Koriyama city,Black bear,350
2012-08-23,Kempoku,Nihommatsu city,Black bear,390
2012-08-25,Aizu,Onuma county Aizumisato town,Black bear,31
2012-08-26,Aizu,Onuma county Aizumisato town,Black bear,59
2012-08-26,Kempoku,Fukushima city,Black bear,280
2012-08-27,Kenchu,Tamura city,Wild boar,790
2012-08-27,Kenchu,Tamura city,Wild boar,1200
2012-08-27,Kempoku,Date county Kawamata town,Wild boar,6500
2012-08-27,Kempoku,Nihommatsu city,Wild boar,920
2012-08-28,Kempoku,Nihommatsu city,Wild boar,420
2012-08-29,Kempoku,Date county Kawamata town,Ducks,35
2012-08-30,Aizu,Yama county Nishiaizu town,Black bear,27
2012-08-30,Aizu,Kawanuma county Yanaizu town,Black bear,28
2012-08-30,Kenchu,Koriyama city,Black bear,440
2012-09-01,Kennan,Higashishirakawa county Samegawa village,Wild boar,180
2012-09-02,Iwaki,Iwaki city,Wild boar,140
2012-09-02,Kempoku,Date county Kori town,Ducks,69
2012-09-02,Kenchu,Koriyama city,Black bear,260
2012-09-03,Iwaki,Iwaki city,Wild boar,320
2012-09-04,Kenchu,Sukagawa city,Wild boar,79
2012-09-04,Aizu,Yama county Bandai town,Black bear,100
2012-09-04,Kenchu,Koriyama city,Copper pheasant,170
2012-09-06,Kenchu,Koriyama city,Black bear,38
2012-09-06,Minamiaizu,Minamiaizu county Minamiaizu town,Black bear,43
2012-09-07,Kenchu,Koriyama city,Wild boar,130
2012-09-07,Kenchu,Tamura city,Wild boar,330
2012-09-08,Aizu,Onuma county Aizumisato town,Black bear,25
2012-09-10,Kenchu,Koriyama city,Black bear,110
2012-09-12,Soso,Soma city,Wild boar,1300
2012-09-12,Aizu,Yama county Bandai town,Black bear,61
2012-09-16,Kenchu,Koriyama city,Black bear,260
2012-09-16,Kempoku,Adachi county Otama village,Black bear,240
2012-09-17,Soso,Minamisoma city,Wild boar,740
2012-09-17,Kenchu,Ishikawa county Furudono town,Copper pheasant,40
2012-09-18,Soso,Soma city,Ducks,22
2012-09-19,Kenchu,Koriyama city,Pheasant,21
2012-09-19,Kempoku,Nihommatsu city,Black bear,210
2012-09-20,Kempoku,Fukushima city,Pheasant,99
2012-09-20,Kempoku,Nihommatsu city,Wild boar,270
2012-09-22,Kempoku,Date county Kunimi town,Pheasant,56
2012-09-23,Kempoku,Fukushima city,Copper pheasant,14
2012-09-24,Soso,Minamisoma city,Wild boar,1200
2012-09-24,Iwaki,Iwaki city,Wild boar,320
2012-09-27,Kenchu,Tamura city,Ducks,73
2012-09-27,Kempoku,Nihommatsu city,Wild boar,230
2012-09-28,Soso,Minamisoma city,Wild boar,2300
2012-09-30,Kempoku,Nihommatsu city,Wild boar,270
2012-10-01,Kenchu,Ishikawa county Furudono town,Wild boar,40
2012-10-01,Kenchu,Sukagawa city,Wild boar,180
2012-10-03,Kempoku,Nihommatsu city,Black bear,640
2012-10-04,Kenchu,Koriyama city,Black bear,60
2012-10-04,Kempoku,Fukushima city,Black bear,660
2012-10-06,Kempoku,Nihommatsu city,Wild boar,320
2012-10-06,Kempoku,Nihommatsu city,Wild boar,420
2012-10-07,Kempoku,Fukushima city,Ducks,47
2012-10-07,Aizu,Onuma county Aizumisato town,Black bear,93
2012-10-09,Kennan,Nishishirakawa county Nishigo village,Wild boar,410
2012-10-09,Kempoku,Date city,Ducks,43
2012-10-09,Kempoku,Fukushima city,Black bear,1100
2012-10-10,Aizu,Yama county Nishiaizu town,Black bear,23
2012-10-11,Aizu,Kawanuma county Yanaizu town,Black bear,74
2012-10-12,Kempoku,Date city,Pheasant,85
2012-10-13,Kempoku,Nihommatsu city,Wild boar,1300
2012-10-14,Kempoku,Fukushima city,Ducks,39
2012-10-14,Kempoku,Fukushima city,Ducks,47
2012-10-15,Kempoku,Fukushima city,Wild boar,900
2012-10-15,Kempoku,Fukushima city,Copper pheasant,500
2012-10-16,Kenchu,Ishikawa county Ishikawa town,Wild boar,88
2012-10-16,Aizu,Yama county Inawashiro town,Ducks,20
2012-10-16,Aizu,Yama county Nishiaizu town,Black bear,13
2012-10-17,Iwaki,Iwaki city,Pheasant,95
2012-10-18,Kenchu,Sukagawa city,Wild boar,71
2012-10-18,Kempoku,Nihommatsu city,Wild boar,260
2012-10-18,Minamiaizu,Minamiaizu county Hinoemata village,Black bear,63
2012-10-20,Kenchu,Sukagawa city,Wild boar,73
2012-10-21,Kenchu,Ishikawa county Ishikawa town,Wild boar,220
2012-10-23,Kenchu,Sukagawa city,Wild boar,340
2012-10-23,Kempoku,Nihommatsu city,Wild boar,180
2012-10-24,Kempoku,Fukushima city,Pheasant,37
2012-10-24,Kempoku,Fukushima city,Pheasant,72
2012-10-25,Kenchu,Sukagawa city,Wild boar,170
2012-10-25,Kempoku,Fukushima city,Copper pheasant,32
2012-10-27,Kempoku,Fukushima city,Ducks,860
2012-10-28,Aizu,Onuma county Aizumisato town,Wild boar,24
2012-10-28,Kenchu,Sukagawa city,Wild boar,71
2012-10-28,Kempoku,Nihommatsu city,Wild boar,1200
2012-10-29,Iwaki,Iwaki city,Wild boar,33000
2012-10-29,Kempoku,Fukushima city,Copper pheasant,47
2012-10-30,Minamiaizu,Minamiaizu county Hinoemata village,Japanese sika deer,190
2012-11-02,Kempoku,Nihommatsu city,Wild boar,180
2012-11-04,Kempoku,Nihommatsu city,Wild boar,1500
2012-11-05,Kenchu,Sukagawa city,Wild boar,1200
2012-11-05,Kenchu,Sukagawa city,Wild boar,83
2012-11-06,Aizu,Onuma county Aizumisato town,Wild boar,28
2012-11-07,Kempoku,Date city,Copper pheasant,200
2012-11-10,Aizu,Onuma county Aizumisato town,Wild boar,29
2012-11-10,Iwaki,Iwaki city,Ducks,130
2012-11-11,Kempoku,Nihommatsu city,Wild boar,410
2012-11-12,Kenchu,Koriyama city,Pheasant,66
2012-11-13,Kempoku,Nihommatsu city,Wild boar,270
2012-11-13,Kempoku,Nihommatsu city,Wild boar,460
2012-11-14,Kenchu,Sukagawa city,Wild boar,190
2012-11-15,Kenchu,Sukagawa city,Wild boar,79
2012-11-15,Kempoku,Fukushima city,Wild boar,800
2012-11-15,Kempoku,Date city,Ducks,4000
2012-11-15,Kempoku,Date city,Pheasant,190
2012-11-15,Kempoku,Fukushima city,Pheasant,48
2012-11-15,Soso,Soma city,Pheasant,220
2012-11-15,Kempoku,Fukushima city,Black bear,430
2012-11-15,Kempoku,Date city,Hare,170
2012-11-17,Kenchu,Koriyama city,Ducks,32
2012-11-17,Kenchu,Koriyama city,Ducks,37
2012-11-18,Kempoku,Nihommatsu city,Pheasant,37
2012-11-18,Aizu,Yama county Bandai town,Black bear,170
2012-11-18,Kempoku,Nihommatsu city,Copper pheasant,370
2012-11-19,Soso,Soma city,Wild boar,1900
2012-11-19,Kempoku,Nihommatsu city,Wild boar,1000
2012-11-20,Kenchu,Koriyama city,Ducks,17
2012-11-20,Kenchu,Koriyama city,Copper pheasant,84
2012-11-20,Kempoku,Nihommatsu city,Wild boar,870
2012-11-23,Kempoku,Nihommatsu city,Wild boar,980
2012-11-25,Kennan,Higashishirakawa county Hanawa town,Wild boar,360
2012-11-25,Kempoku,Nihommatsu city,Wild boar,150
2012-11-25,Iwaki,Iwaki city,Pheasant,23
2012-11-25,Iwaki,Iwaki city,Pheasant,32
2012-11-26,Kenchu,Koriyama city,Wild boar,140
2012-11-26,Kempoku,Nihommatsu city,Wild boar,1200
2012-11-26,Kempoku,Fukushima city,Copper pheasant,170
2012-11-27,Kempoku,Date county Kawamata town,Pheasant,52
2012-11-28,Kenchu,Koriyama city,Wild boar,280
2012-11-28,Kenchu,Sukagawa city,Wild boar,200
2012-11-28,Kempoku,Nihommatsu city,Wild boar,79
2012-11-29,Minamiaizu,Minamiaizu county Shimogo town,Black bear,120
2012-12-02,Soso,Minamisoma city,Wild boar,11000
2012-12-02,Soso,Minamisoma city,Pheasant,62
2012-12-03,Kenchu,Sukagawa city,Wild boar,110
2012-12-03,Soso,Minamisoma city,Wild boar,1600
2012-12-03,Kennan,Higashishirakawa county Hanawa town,Copper pheasant,470
2012-12-05,Kenchu,Sukagawa city,Wild boar,220
2012-12-05,Kempoku,Fukushima city,Wild boar,1200
2012-12-05,Kempoku,Nihommatsu city,Wild boar,580
2012-12-05,Kempoku,Nihommatsu city,Wild boar,220
2012-12-05,Aizu,Kawanuma county Aizubange town,Ducks,69
2012-12-07,Kempoku,Nihommatsu city,Wild boar,1800
2012-12-07,Kempoku,Nihommatsu city,Wild boar,850
2012-12-08,Kempoku,Date county Kawamata town,Copper pheasant,340
2012-12-10,Kempoku,Nihommatsu city,Wild boar,890
2012-12-11,Kenchu,Sukagawa city,Wild boar,210
2012-12-12,Aizu,Onuma county Aizumisato town,Black bear,240
2012-12-13,Aizu,Yama county Nishiaizu town,Wild boar,74
2012-12-15,Kempoku,Nihommatsu city,Wild boar,840
2012-12-16,Kenchu,Koriyama city,Wild boar,170
2012-12-17,Kempoku,Nihommatsu city,Wild boar,280
2012-12-17,Kempoku,Fukushima city,Pheasant,59
2012-12-17,Kennan,Nishishirakawa county Yabuki town,Hare,730
2012-12-19,Kenchu,Koriyama city,Wild boar,200
2012-12-19,Kempoku,Nihommatsu city,Wild boar,220
2012-12-19,Kempoku,Nihommatsu city,Wild boar,300
2012-12-20,Kempoku,Nihommatsu city,Wild boar,210
2012-12-20,Kempoku,Nihommatsu city,Wild boar,1300
2012-12-22,Kempoku,Nihommatsu city,Wild boar,100
2012-12-23,Kempoku,Nihommatsu city,Wild boar,680
2012-12-24,Kempoku,Nihommatsu city,Wild boar,750
2012-12-24,Kempoku,Fukushima city,Copper pheasant,130
2012-12-25,Kempoku,Nihommatsu city,Wild boar,1200
2012-12-26,Kempoku,Nihommatsu city,Wild boar,1100
2012-12-27,Kempoku,Nihommatsu city,Wild boar,980
2012-12-31,Kempoku,Nihommatsu city,Wild boar,80
2012-12-31,Kempoku,Nihommatsu city,Wild boar,3000
2012-12-31,Kempoku,Nihommatsu city,Wild boar,420
2013-01-01,Kenchu,Sukagawa city,Black bear,330
2013-01-03,Iwaki,Iwaki city,Copper pheasant,950
2013-01-09,Kempoku,Nihommatsu city,Wild boar,550
2013-01-09,Aizu,Aizuwakamatsu city,Black bear,80
2013-01-12,Kempoku,Nihommatsu city,Wild boar,660
2013-01-12,Kempoku,Nihommatsu city,Wild boar,100
2013-01-14,Iwaki,Iwaki city,Pheasant,15
2013-01-14,Aizu,Onuma county Aizumisato town,Black bear,260
2013-01-18,Iwaki,Iwaki city,Wild boar,340
2013-01-23,Aizu,Yama county Nishiaizu town,Japanese sika deer,19
2013-01-30,Soso,Minamisoma city,Wild boar,4000
2013-02-01,Aizu,Onuma county Aizumisato town,Wild boar,85
2013-02-02,Kempoku,Nihommatsu city,Wild boar,470
2013-02-03,Kempoku,Nihommatsu city,Wild boar,2000
2013-02-03,Kempoku,Nihommatsu city,Wild boar,2500
2013-02-04,Kempoku,Nihommatsu city,Wild boar,2000
2013-02-04,Kempoku,Nihommatsu city,Wild boar,660
2013-02-07,Soso,Minamisoma city,Wild boar,6600
2013-02-09,Soso,Futaba county Hirono town,Wild boar,1100
2013-02-09,Kempoku,Nihommatsu city,Wild boar,1500
2013-02-10,Kempoku,Nihommatsu city,Wild boar,1700
2013-02-11,Soso,Futaba county Hirono town,Wild boar,6200
2013-02-11,Kempoku,Nihommatsu city,Wild boar,2100
2013-02-11,Kempoku,Nihommatsu city,Wild boar,2500
2013-02-12,Soso,Futaba county Naraha town,Wild boar,4100
2013-02-12,Soso,Futaba county Naraha town,Wild boar,7400
2013-02-12,Soso,Futaba county Naraha town,Wild boar,7500
2013-02-12,Soso,Futaba county Naraha town,Wild boar,4000
2013-02-12,Soso,Futaba county Naraha town,Wild boar,7100
2013-02-13,Soso,Futaba county Naraha town,Wild boar,4300
2013-02-14,Soso,Futaba county Hirono town,Wild boar,1800
2013-02-14,Soso,Futaba county Naraha town,Wild boar,5600
2013-02-14,Soso,Futaba county Naraha town,Wild boar,5700
2013-02-15,Soso,Futaba county Hirono town,Wild boar,2200
2013-02-15,Soso,Minamisoma city,Wild boar,4100
2013-02-15,Soso,Minamisoma city,Wild boar,4200
2013-02-15,Kempoku,Nihommatsu city,Wild boar,2400
2013-02-16,Kenchu,Tamura city,Wild boar,610
2013-02-16,Kenchu,Tamura city,Wild boar,630
2013-02-16,Kenchu,Tamura city,Wild boar,720
2013-02-16,Kenchu,Tamura city,Wild boar,730
2013-02-16,Soso,Minamisoma city,Wild boar,4700
2013-02-16,Soso,Minamisoma city,Wild boar,4700
2013-02-17,Kenchu,Tamura city,Wild boar,180
2013-02-17,Kenchu,Tamura city,Wild boar,510
2013-02-17,Soso,Futaba county Hirono town,Wild boar,2200
2013-02-17,Soso,Futaba county Hirono town,Wild boar,4800
2013-02-17,Soso,Futaba county Naraha town,Wild boar,2900
2013-02-17,Soso,Soma county Iitate village,Wild boar,9500
2013-02-19,Soso,Futaba county Hirono town,Wild boar,2500
2013-02-19,Kempoku,Nihommatsu city,Wild boar,430
2013-02-20,Soso,Minamisoma city,Wild boar,40000
2013-02-21,Kenchu,Sukagawa city,Wild boar,260
2013-02-21,Soso,Futaba county Hirono town,Wild boar,1600
2013-02-21,Soso,Futaba county Hirono town,Wild boar,5600
2013-02-21,Kempoku,Nihommatsu city,Wild boar,380
2013-02-22,Soso,Futaba county Hirono town,Wild boar,1300
2013-02-22,Soso,Futaba county Naraha town,Wild boar,15000
2013-02-22,Soso,Futaba county Naraha town,Wild boar,8000
2013-02-22,Soso,Minamisoma city,Wild boar,3800
2013-02-22,Soso,Minamisoma city,Wild boar,4500
2013-02-22,Soso,Minamisoma city,Wild boar,56000
2013-02-23,Kenchu,Tamura city,Wild boar,550
2013-02-23,Kenchu,Tamura city,Wild boar,760
2013-02-24,Kenchu,Tamura city,Wild boar,110
2013-02-24,Kenchu,Tamura city,Wild boar,250
2013-02-24,Kenchu,Tamura city,Wild boar,65
2013-02-24,Kempoku,Nihommatsu city,Wild boar,1200
2013-02-24,Soso,Futaba county Hirono town,Wild boar,5000
2013-02-24,Soso,Minamisoma city,Wild boar,28000
2013-02-24,Soso,Minamisoma city,Wild boar,16000
2013-02-24,Kempoku,Nihommatsu city,Wild boar,1300
2013-02-24,Kempoku,Nihommatsu city,Wild boar,2800
2013-02-25,Kenchu,Tamura city,Wild boar,110
2013-02-25,Kempoku,Date city,Wild boar,460
2013-02-27,Kempoku,Nihommatsu city,Wild boar,100
2013-03-01,Kempoku,Nihommatsu city,Wild boar,460
2013-03-01,Soso,Futaba county Naraha town,Wild boar,5200
2013-03-01,Soso,Soma county Iitate village,Wild boar,4200
2013-03-02,Soso,Futaba county Hirono town,Wild boar,1300
2013-03-02,Soso,Futaba county Hirono town,Wild boar,2500
2013-03-02,Soso,Futaba county Hirono town,Wild boar,2900
2013-03-02,Soso,Futaba county Hirono town,Wild boar,4400
2013-03-02,Soso,Futaba county Naraha town,Wild boar,4700
2013-03-02,Soso,Futaba county Naraha town,Wild boar,7100
2013-03-03,Soso,Futaba county Naraha town,Wild boar,7400
2013-03-03,Soso,Soma county Iitate village,Wild boar,9500
2013-03-04,Soso,Futaba county Hirono town,Wild boar,3600
2013-03-04,Soso,Futaba county Hirono town,Wild boar,4300
2013-03-04,Soso,Futaba county Hirono town,Wild boar,5900
2013-03-04,Soso,Minamisoma city,Wild boar,2600
2013-03-04,Soso,Minamisoma city,Wild boar,3400
2013-03-04,Soso,Minamisoma city,Wild boar,2600
2013-03-04,Soso,Minamisoma city,Wild boar,3600
2013-03-05,Kempoku,Nihommatsu city,Wild boar,370
2013-03-05,Kempoku,Nihommatsu city,Wild boar,1000
2013-03-05,Soso,Futaba county Kawauchi village,Wild boar,220
2013-03-05,Soso,Futaba county Naraha town,Wild boar,5500
2013-03-05,Soso,Futaba county Naraha town,Wild boar,6600
2013-03-06,Soso,Minamisoma city,Wild boar,12000
2013-03-07,Soso,Minamisoma city,Wild boar,4100
2013-03-07,Soso,Minamisoma city,Wild boar,4200
2013-03-07,Soso,Minamisoma city,Wild boar,4700
2013-03-07,Soso,Minamisoma city,Wild boar,4800
2013-03-07,Kempoku,Nihommatsu city,Wild boar,480
2013-03-08,Soso,Futaba county Kawauchi village,Wild boar,110
2013-03-08,Soso,Minamisoma city,Wild boar,36000
2013-03-09,Soso,Futaba county Hirono town,Wild boar,6100
2013-03-09,Soso,Minamisoma city,Wild boar,7800
2013-03-10,Soso,Minamisoma city,Wild boar,9000
2013-03-10,Soso,Minamisoma city,Wild boar,3900
2013-03-10,Kempoku,Nihommatsu city,Wild boar,180
2013-03-11,Soso,Minamisoma city,Wild boar,9000
2013-03-11,Soso,Minamisoma city,Wild boar,61000
2013-03-12,Kenchu,Tamura city,Wild boar,420
2013-03-12,Kempoku,Nihommatsu city,Wild boar,450
2013-03-13,Soso,Futaba county Naraha town,Wild boar,4200
2013-03-13,Kempoku,Nihommatsu city,Wild boar,380
2013-03-14,Kenchu,Sukagawa city,Wild boar,150
2013-03-16,Kempoku,Nihommatsu city,Wild boar,260
2013-03-23,Kempoku,Nihommatsu city,Wild boar,610
2013-03-24,Kenchu,Koriyama city,Wild boar,110
2013-03-28,Kempoku,Nihommatsu city,Wild boar,31
2013-04-22,Kenchu,Sukagawa city,Wild boar,71
2013-05-06,Minamiaizu,Minamiaizu county Hinoemata village,Black bear,100
2013-05-08,Iwaki,Iwaki city,Wild boar,710
2013-05-10,Kempoku,Date county Kawamata town,Copper pheasant,430
2013-05-11,Kempoku,Nihommatsu city,Wild boar,2700
2013-05-15,Aizu,Yama county Inawashiro town,Wild boar,540
2013-05-16,Kempoku,Date county Kawamata town,Wild boar,400
2013-05-24,Kempoku,Date county Kawamata town,Wild boar,2200
2013-05-27,Aizu,Yama county Inawashiro town,Wild boar,180
2013-05-30,Kenchu,Koriyama city,Black bear,98
2013-05-31,Kempoku,Date county Kori town,Wild boar,940
2013-06-04,Kempoku,Date county Kawamata town,Wild boar,2100
2013-06-07,Kempoku,Motomiya city,Wild boar,87
2013-06-07,Aizu,Yama county Inawashiro town,Black bear,62
2013-06-08,Kenchu,Sukagawa city,Wild boar,70
2013-06-08,Kenchu,Sukagawa city,Wild boar,74
2013-06-09,Kempoku,Nihommatsu city,Black bear,160
2013-06-10,Kennan,Shirakawa city,Wild boar,260
2013-06-10,Kempoku,Motomiya city,Wild boar,410
2013-06-12,Kempoku,Date county Kori town,Wild boar,600
2013-06-12,Aizu,Yama county Bandai town,Black bear,67
2013-06-13,Kempoku,Date county Kori town,Wild boar,880
2013-06-14,Kempoku,Nihommatsu city,Black bear,240
2013-06-21,Kempoku,Fukushima city,Wild boar,180
2013-06-22,Kenchu,Koriyama city,Wild boar,54
2013-06-22,Kenchu,Sukagawa city,Wild boar,94
2013-06-22,Kempoku,Date county Kori town,Wild boar,610
2013-06-25,Kenchu,Tamura city,Wild boar,1500
2013-06-26,Soso,Minamisoma city,Wild boar,4700
2013-06-28,Kempoku,Motomiya city,Wild boar,400
2013-06-30,Kenchu,Tamura city,Wild boar,6300
2013-06-30,Kempoku,Date county Kawamata town,Wild boar,1200
2013-07-04,Aizu,Onuma county Mishima town,Black bear,30
2013-07-05,Kenchu,Koriyama city,Black bear,230
2013-07-05,Kenchu,Tamura city,Wild boar,8600
2013-07-07,Kempoku,Motomiya city,Wild boar,400
2013-07-07,Kempoku,Motomiya city,Wild boar,310
2013-07-07,Kempoku,Motomiya city,Wild boar,360
2013-07-08,Kenchu,Ishikawa county Ishikawa town,Wild boar,100
2013-07-10,Soso,Minamisoma city,Ducks,110
2013-07-14,Kempoku,Nihommatsu city,Wild boar,220
2013-07-14,Soso,Soma city,Wild boar,290
2013-07-17,Kempoku,Date county Kori town,Wild boar,600
2013-07-17,Kempoku,Motomiya city,Wild boar,340
2013-07-17,Soso,Minamisoma city,Wild boar,20000
2013-07-18,Kempoku,Motomiya city,Wild boar,280
2013-07-18,Minamiaizu,Minamiaizu county Shimogo town,Black bear,65
2013-07-19,Kempoku,Nihommatsu city,Wild boar,640
2013-07-21,Kempoku,Nihommatsu city,Wild boar,420
2013-07-24,Aizu,Onuma county Aizumisato town,Black bear,54
2013-07-27,Aizu,Onuma county Aizumisato town,Black bear,62
2013-07-28,Kempoku,Nihommatsu city,Black bear,120
2013-07-29,Soso,Soma city,Pheasant,25
2013-07-30,Kempoku,Motomiya city,Wild boar,530
2013-07-30,Aizu,Aizuwakamatsu city,Black bear,29
2013-07-30,Kenchu,Koriyama city,Black bear,170
2013-07-31,Aizu,Onuma county Aizumisato town,Black bear,28
2013-08-01,Kempoku,Fukushima city,Wild boar,91
2013-08-02,Kempoku,Fukushima city,Wild boar,630
2013-08-02,Kempoku,Date county Kunimi town,Black bear,210
2013-08-02,Soso,Soma city,Wild boar,98
2013-08-04,Kempoku,Nihommatsu city,Wild boar,400
2013-08-05,Kenchu,Tamura city,Wild boar,9600
2013-08-05,Kempoku,Date county Kori town,Wild boar,470
2013-08-06,Kempoku,Nihommatsu city,Wild boar,130
2013-08-06,Kempoku,Nihommatsu city,Wild boar,66
2013-08-06,Kempoku,Nihommatsu city,Wild boar,80
2013-08-08,Kempoku,Nihommatsu city,Wild boar,930
2013-08-09,Aizu,Yama county Inawashiro town,Black bear,56
2013-08-10,Kempoku,Nihommatsu city,Wild boar,140
2013-08-10,Aizu,Onuma county Aizumisato town,Black bear,44
2013-08-11,Kempoku,Motomiya city,Black bear,240
2013-08-12,Kennan,Shirakawa city,Wild boar,160
2013-08-12,Aizu,Onuma county Aizumisato town,Black bear,54
2013-08-13,Kempoku,Fukushima city,Ducks,67
2013-08-14,Kempoku,Nihommatsu city,Wild boar,97
2013-08-14,Kempoku,Fukushima city,Black bear,390
2013-08-19,Kenchu,Tamura city,Wild boar,150
2013-08-19,Kempoku,Nihommatsu city,Wild boar,400
2013-08-20,Soso,Soma city,Ducks,16
2013-08-22,Aizu,Onuma county Aizumisato town,Black bear,64
2013-08-23,Kenchu,Sukagawa city,Wild boar,99
2013-08-23,Kempoku,Nihommatsu city,Wild boar,170
2013-08-24,Kenchu,Koriyama city,Black bear,150
2013-08-26,Kempoku,Motomiya city,Black bear,200
2013-08-27,Kempoku,Fukushima city,Wild boar,2000
2013-08-29,Kenchu,Sukagawa city,Wild boar,43
2013-08-29,Kennan,Shirakawa city,Wild boar,1200
2013-08-30,Kenchu,Tamura city,Wild boar,210
2013-08-30,Kempoku,Date county Kawamata town,Wild boar,850
2013-08-30,Aizu,Onuma county Aizumisato town,Black bear,32
2013-08-31,Kempoku,Date county Kawamata town,Wild boar,130
2013-09-01,Kenchu,Tamura city,Wild boar,150
2013-09-01,Kempoku,Date county Kawamata town,Wild boar,220
2013-09-01,Kempoku,Nihommatsu city,Wild boar,130
2013-09-02,Kenchu,Tamura city,Wild boar,1800
2013-09-02,Kenchu,Tamura city,Wild boar,310
2013-09-03,Kempoku,Date county Kawamata town,Wild boar,370
2013-09-06,Kenchu,Sukagawa city,Wild boar,93
2013-09-07,Kempoku,Date county Kawamata town,Wild boar,660
2013-09-07,Soso,Soma city,Wild boar,260
2013-09-09,Kennan,Shirakawa city,Black bear,880
2013-09-10,Soso,Soma city,Wild boar,880
2013-09-10,Kempoku,Date county Kunimi town,Black bear,750
2013-09-11,Kenchu,Tamura city,Wild boar,85
2013-09-11,Kempoku,Nihommatsu city,Wild boar,210
2013-09-12,Kenchu,Tamura city,Wild boar,220
2013-09-12,Kempoku,Date county Kawamata town,Wild boar,290
2013-09-12,Soso,Minamisoma city,Pheasant,74
2013-09-12,Aizu,Aizuwakamatsu city,Black bear,38
2013-09-14,Iwaki,Iwaki city,Wild boar,200
2013-09-14,Kempoku,Nihommatsu city,Wild boar,210
2013-09-15,Kenchu,Tamura city,Wild boar,72
2013-09-17,Kempoku,Date county Kawamata town,Wild boar,250
2013-09-19,Aizu,Yama county Inawashiro town,Wild boar,71
2013-09-19,Kempoku,Nihommatsu city,Wild boar,290
2013-09-20,Kempoku,Motomiya city,Wild boar,310
2013-09-21,Kenchu,Tamura city,Wild boar,46
2013-09-22,Kennan,Nishishirakawa county Nishigo village,Black bear,440
2013-09-22,Kempoku,Date county Kunimi town,Black bear,210
2013-09-24,Kenchu,Tamura city,Wild boar,1500
2013-09-24,Kempoku,Date county Kunimi town,Wild boar,410
2013-09-27,Kempoku,Nihommatsu city,Wild boar,240
2013-09-28,Kempoku,Nihommatsu city,Wild boar,190
2013-10-01,Kenchu,Sukagawa city,Wild boar,1000
2013-10-01,Soso,Soma county Iitate village,Wild boar,1500
2013-10-01,Soso,Soma county Iitate village,Wild boar,1800
2013-10-01,Soso,Soma county Iitate village,Wild boar,2100
2013-10-02,Soso,Soma county Iitate village,Wild boar,2700
2013-10-03,Soso,Minamisoma city,Pheasant,250
2013-10-06,Kenchu,Sukagawa city,Wild boar,300
2013-10-09,Iwaki,Iwaki city,Wild boar,72
2013-10-09,Soso,Minamisoma city,Wild boar,1000
2013-10-11,Kempoku,Nihommatsu city,Wild boar,140
2013-10-12,Kenchu,Koriyama city,Wild boar,260
2013-10-17,Kempoku,Nihommatsu city,Wild boar,340
2013-10-17,Kempoku,Nihommatsu city,Wild boar,210
2013-10-17,Kempoku,Motomiya city,Wild boar,130
2013-10-21,Kempoku,Nihommatsu city,Wild boar,180
2013-10-22,Kempoku,Nihommatsu city,Wild boar,4600
2013-10-24,Soso,Soma county Iitate village,Wild boar,3100
2013-10-25,Kenchu,Koriyama city,Wild boar,150
2013-10-25,Kempoku,Date county Kunimi town,Copper pheasant,190
2013-10-25,Soso,Soma county Iitate village,Wild boar,1800
2013-10-26,Minamiaizu,Minamiaizu county Hinoemata village,Japanese sika deer,20
2013-10-28,Kempoku,Date county Kori town,Wild boar,110
2013-10-29,Aizu,Onuma county Aizumisato town,Black bear,56
2013-10-30,Kenchu,Sukagawa city,Wild boar,210
2013-11-01,Kenchu,Tamura city,Wild boar,490
2013-11-02,Aizu,Yama county Inawashiro town,Wild boar,110
2013-11-04,Kenchu,Sukagawa city,Wild boar,200
2013-11-05,Kempoku,Date county Kori town,Wild boar,220
2013-11-06,Soso,Soma county Iitate village,Wild boar,930
2013-11-07,Soso,Soma county Iitate village,Wild boar,2700
2013-11-07,Soso,Soma county Iitate village,Wild boar,1200
2013-11-07,Soso,Soma county Iitate village,Wild boar,1700
2013-11-08,Soso,Soma county Iitate village,Wild boar,1700
2013-11-08,Soso,Soma county Iitate village,Wild boar,1300
2013-11-08,Soso,Soma county Iitate village,Wild boar,1500
2013-11-08,Soso,Soma county Iitate village,Wild boar,1900
2013-11-09,Kenchu,Sukagawa city,Wild boar,440
2013-11-09,Soso,Soma county Iitate village,Wild boar,1900
2013-11-10,Soso,Soma county Iitate village,Wild boar,1200
2013-11-11,Kenchu,Tamura city,Wild boar,76
2013-11-12,Kenchu,Sukagawa city,Wild boar,120
2013-11-12,Iwaki,Iwaki city,Ducks,49
2013-11-13,Kenchu,Sukagawa city,Wild boar,1100
2013-11-15,Soso,Soma county Iitate village,Wild boar,6000
2013-11-15,Minamiaizu,Minamiaizu county Hinoemata village,Japanese sika deer,60
2013-11-16,Kenchu,Tamura city,Wild boar,32
2013-11-19,Kempoku,Date city,Pheasant,32
2013-11-20,Soso,Minamisoma city,Wild boar,970
2013-11-20,Kempoku,Fukushima city,Black bear,210
2013-11-22,Kempoku,Date city,Wild boar,180
2013-11-22,Kempoku,Nihommatsu city,Black bear,530
2013-11-23,Kempoku,Nihommatsu city,Wild boar,160
2013-11-23,Kempoku,Nihommatsu city,Wild boar,400
2013-11-24,Kempoku,Nihommatsu city,Wild boar,770
2013-11-25,Kempoku,Nihommatsu city,Wild boar,230
2013-11-25,Kempoku,Nihommatsu city,Wild boar,230
2013-11-26,Kempoku,Nihommatsu city,Wild boar,120
2013-11-26,Soso,Soma county Iitate village,Wild boar,5200
2013-11-27,Kenchu,Sukagawa city,Wild boar,580
2013-11-27,Soso,Soma county Iitate village,Wild boar,1200
2013-11-29,Kempoku,Nihommatsu city,Wild boar,3400
2013-12-01,Aizu,Kitakata city,Black bear,100
2013-12-02,Kenchu,Tamura city,Wild boar,600
2013-12-02,Kempoku,Date county Kawamata town,Wild boar,150
2013-12-03,Kenchu,Sukagawa city,Wild boar,190
2013-12-03,Kenchu,Sukagawa city,Wild boar,260
2013-12-04,Aizu,Yama county Inawashiro town,Black bear,160
2013-12-07,Kenchu,Tamura city,Wild boar,180
2013-12-08,Kenchu,Tamura city,Wild boar,910
2013-12-09,Kenchu,Tamura city,Wild boar,2200
2013-12-14,Kenchu,Tamura city,Wild boar,110
2013-12-14,Kempoku,Date county Kawamata town,Wild boar,120
2013-12-15,Iwaki,Iwaki city,Ducks,180
2013-12-15,Iwaki,Iwaki city,Pheasant,56
2013-12-17,Aizu,Yama county Inawashiro town,Wild boar,270
2013-12-22,Kempoku,Nihommatsu city,Wild boar,550
2013-12-22,Kempoku,Date county Kawamata town,Wild boar,96
2013-12-23,Kempoku,Nihommatsu city,Wild boar,570
2013-12-27,Kempoku,Date county Kunimi town,Wild boar,130
2013-12-27,Iwaki,Iwaki city,Copper pheasant,610
2013-12-30,Kempoku,Date county Kunimi town,Wild boar,52
2013-12-31,Kempoku,Nihommatsu city,Wild boar,250
2014-01-02,Kempoku,Date county Kunimi town,Wild boar,260
2014-01-03,Kempoku,Date county Kawamata town,Wild boar,160
2014-01-07,Kempoku,Date city,Wild boar,120
2014-01-07,Aizu,Onuma county Aizumisato town,Black bear,87
2014-01-08,Kenchu,Koriyama city,Wild boar,210
2014-01-08,Kempoku,Date county Kunimi town,Wild boar,360
2014-01-08,Kempoku,Date county Kunimi town,Wild boar,370
2014-01-08,Kempoku,Date county Kunimi town,Wild boar,390
2014-01-08,Kempoku,Date county Kunimi town,Wild boar,410
2014-01-09,Kempoku,Date county Kunimi town,Wild boar,530
2014-01-11,Aizu,Kitakata city,Wild boar,150
2014-01-11,Kempoku,Date county Kawamata town,Wild boar,1400
2014-01-13,Kenchu,Sukagawa city,Wild boar,210
2014-01-15,Kenchu,Sukagawa city,Japanese sika deer,52
2014-01-19,Kempoku,Date county Kawamata town,Wild boar,200
2014-01-19,Kempoku,Nihommatsu city,Wild boar,190
2014-01-19,Kenchu,Sukagawa city,Japanese sika deer,92
2014-01-22,Kempoku,Date county Kunimi town,Wild boar,240
2014-01-22,Kempoku,Fukushima city,Wild boar,240
2014-01-24,Kenchu,Sukagawa city,Wild boar,160
2014-01-24,Kenchu,Sukagawa city,Wild boar,240
2014-01-24,Kenchu,Sukagawa city,Wild boar,320
2014-01-24,Kenchu,Tamura city,Wild boar,140
2014-01-24,Kempoku,Date county Kawamata town,Wild boar,680
2014-01-24,Kempoku,Date county Kawamata town,Wild boar,80
2014-01-26,Kempoku,Nihommatsu city,Wild boar,390
2014-01-27,Kenchu,Tamura city,Wild boar,590
2014-01-27,Kempoku,Nihommatsu city,Wild boar,110
2014-01-28,Kenchu,Tamura city,Wild boar,63
2014-01-28,Kenchu,Tamura city,Wild boar,240
2014-01-28,Kempoku,Date county Kawamata town,Wild boar,220
2014-01-29,Kenchu,Tamura city,Wild boar,220
2014-01-30,Kenchu,Sukagawa city,Wild boar,89
2014-01-30,Kempoku,Nihommatsu city,Wild boar,160
2014-01-30,Kenchu,Koriyama city,Wild boar,200
2014-01-30,Kenchu,Koriyama city,Wild boar,210
2014-01-31,Kempoku,Nihommatsu city,Wild boar,30
2014-01-31,Kempoku,Date county Kawamata town,Wild boar,130
2014-02-03,Kempoku,Date county Kawamata town,Wild boar,600
2014-02-03,Kempoku,Date county Kawamata town,Wild boar,110
2014-02-04,Soso,Soma county Iitate village,Wild boar,750
2014-02-05,Kenchu,Sukagawa city,Wild boar,110
2014-02-06,Kempoku,Date county Kawamata town,Wild boar,110
2014-02-06,Kempoku,Date county Kawamata town,Wild boar,190
2014-02-06,Kempoku,Date county Kawamata town,Wild boar,450
2014-02-06,Kempoku,Nihommatsu city,Wild boar,270
2014-02-06,Soso,Soma county Iitate village,Wild boar,880
2014-02-07,Kempoku,Date county Kunimi town,Wild boar,71
2014-02-11,Kenchu,Tamura city,Wild boar,560
2014-02-11,Kenchu,Tamura city,Wild boar,670
2014-02-11,Soso,Soma county Iitate village,Wild boar,1900
2014-02-14,Kempoku,Date county Kunimi town,Wild boar,150
2014-02-27,Kempoku,Date county Kunimi town,Wild boar,230
2014-02-27,Kempoku,Date county Kunimi town,Wild boar,250
2014-02-27,Kempoku,Date county Kunimi town,Wild boar,730
2014-03-01,Kempoku,Date county Kunimi town,Wild boar,82
2014-03-01,Kempoku,Nihommatsu city,Wild boar,350
2014-03-03,Kenchu,Sukagawa city,Wild boar,160
2014-03-03,Kenchu,Sukagawa city,Wild boar,240
2014-03-03,Kempoku,Date city,Wild boar,280
2014-03-05,Kempoku,Nihommatsu city,Wild boar,150
2014-03-05,Soso,Minamisoma city,Pheasant,67
2014-03-07,Kenchu,Koriyama city,Wild boar,130
2014-03-09,Kenchu,Koriyama city,Wild boar,150
2014-03-09,Kempoku,Nihommatsu city,Wild boar,63
2014-03-11,Kenchu,Sukagawa city,Wild boar,1300
2014-03-11,Kempoku,Date city,Wild boar,300
2014-03-11,Kempoku,Nihommatsu city,Wild boar,320
2014-03-17,Kenchu,Koriyama city,Wild boar,61
2014-04-23,Kempoku,Nihommatsu city,Wild boar,45
2014-04-27,Kempoku,Nihommatsu city,Wild boar,100
2014-04-28,Kempoku,Nihommatsu city,Wild boar,100
2014-04-30,Kempoku,Motomiya city,Wild boar,100
2014-05-02,Kenchu,Sukagawa city,Wild boar,24
2014-05-02,Aizu,Yama county Bandai town,Black bear,72
2014-05-05,Kempoku,Motomiya city,Wild boar,64
2014-05-05,Aizu,Yama county Bandai town,Black bear,340
2014-05-09,Minamiaizu,Minamiaizu county Minamiaizu town,Black bear,57
2014-05-10,Kempoku,Nihommatsu city,Wild boar,89
2014-05-11,Kempoku,Nihommatsu city,Wild boar,320
2014-05-15,Kempoku,Nihommatsu city,Wild boar,140
2014-05-18,Aizu,Yama county Bandai town,Black bear,230
2014-05-19,Aizu,Onuma county Aizumisato town,Black bear,42
2014-05-21,Aizu,Onuma county Aizumisato town,Black bear,28
2014-05-25,Aizu,Yama county Inawashiro town,Black bear,22
2014-05-28,Aizu,Yama county Inawashiro town,Black bear,190
2014-05-29,Kenchu,Koriyama city,Black bear,170
2014-05-30,Kenchu,Koriyama city,Wild boar,150
2014-05-30,Minamiaizu,Minamiaizu county Minamiaizu town,Black bear,47
2014-05-31,Kempoku,Motomiya city,Wild boar,130
2014-05-31,Kempoku,Motomiya city,Wild boar,340
2014-06-02,Kempoku,Motomiya city,Wild boar,130
2014-06-04,Aizu,Yama county Bandai town,Wild boar,110
2014-06-05,Kenchu,Koriyama city,Black bear,79
2014-06-07,Kenchu,Sukagawa city,Wild boar,130
2014-06-08,Aizu,Yama county Nishiaizu town,Black bear,35
2014-06-08,Minamiaizu,Minamiaizu county Hinoemata village,Japanese sika deer,81
2014-06-09,Kempoku,Nihommatsu city,Wild boar,240
2014-06-09,Kempoku,Motomiya city,Wild boar,270
2014-06-10,Kenchu,Koriyama city,Black bear,92
2014-06-12,Aizu,Yama county Inawashiro town,Black bear,58
2014-06-14,Aizu,Yama county Inawashiro town,Wild boar,160
2014-06-15,Kempoku,Nihommatsu city,Wild boar,140
2014-06-19,Kempoku,Nihommatsu city,Wild boar,200
2014-06-19,Kenchu,Tamura city,Wild boar,54
2014-06-23,Kenchu,Tamura county Miharu town,Wild boar,660
2014-06-25,Kempoku,Nihommatsu city,Wild boar,89
2014-06-25,Aizu,Yama county Inawashiro town,Black bear,110
2014-06-26,Kempoku,Nihommatsu city,Wild boar,71
2014-06-27,Minamiaizu,Minamiaizu county Minamiaizu town,Black bear,38
2014-06-27,Minamiaizu,Minamiaizu county Hinoemata village,Japanese sika deer,17
2014-06-27,Kempoku,Date county Kawamata town,Wild boar,840
2014-06-28,Kempoku,Nihommatsu city,Wild boar,220
2014-06-30,Kenchu,Sukagawa city,Wild boar,54
2014-07-01,Kempoku,Nihommatsu city,Wild boar,110
2014-07-03,Kempoku,Nihommatsu city,Wild boar,110
2014-07-04,Kempoku,Nihommatsu city,Wild boar,430
2014-07-04,Kempoku,Date county Kawamata town,Wild boar,280
2014-07-05,Minamiaizu,Minamiaizu county Hinoemata village,Japanese sika deer,48
2014-07-06,Kenchu,Koriyama city,Black bear,92
2014-07-06,Kempoku,Date county Kawamata town,Wild boar,600
2014-07-07,Soso,Minamisoma city,Wild boar,480
2014-07-08,Kempoku,Nihommatsu city,Black bear,330
2014-07-10,Kenchu,Sukagawa city,Black bear,140
2014-07-13,Kenchu,Koriyama city,Wild boar,33
2014-07-14,Kempoku,Nihommatsu city,Wild boar,190
2014-07-15,Soso,Futaba county Katsurao village,Wild boar,290
2014-07-15,Kempoku,Date county Kawamata town,Wild boar,590
2014-07-17,Aizu,Yama county Nishiaizu town,Black bear,21
2014-07-19,Kenchu,Koriyama city,Black bear,83
2014-07-20,Aizu,Onuma county Aizumisato town,Black bear,17
2014-07-22,Aizu,Onuma county Aizumisato town,Black bear,60
2014-07-22,Aizu,Yama county Inawashiro town,Black bear,67
2014-07-23,Kempoku,Motomiya city,Wild boar,110
2014-07-23,Aizu,Yama county Nishiaizu town,Black bear,14
2014-07-23,Kenchu,Sukagawa city,Black bear,240
2014-07-23,Kempoku,Nihommatsu city,Black bear,74
2014-07-24,Kenchu,Koriyama city,Wild boar,34
2014-07-24,Aizu,Onuma county Aizumisato town,Black bear,19
2014-07-24,Aizu,Yama county Nishiaizu town,Black bear,16
2014-07-24,Kempoku,Date county Kunimi town,Black bear,270
2014-07-25,Aizu,Onuma county Aizumisato town,Black bear,24
2014-07-26,Aizu,Aizuwakamatsu city,Black bear,68
2014-07-27,Soso,Minamisoma city,Wild boar,2400
2014-07-27,Aizu,Yama county Inawashiro town,Black bear,55
2014-07-28,Kempoku,Motomiya city,Wild boar,190
2014-07-28,Kempoku,Motomiya city,Wild boar,190
2014-07-28,Aizu,Aizuwakamatsu city,Black bear,33
2014-07-28,Kempoku,Date county Kori town,Black bear,310
2014-07-29,Kenchu,Tamura city,Wild boar,37
2014-07-30,Kempoku,Date county Kunimi town,Black bear,310
2014-07-31,Kenchu,Tamura city,Wild boar,340
2014-08-01,Kenchu,Tamura city,Wild boar,290
2014-08-01,Aizu,Kawanuma county Yanaizu town,Black bear,65
2014-08-01,Kempoku,Date county Kawamata town,Wild boar,250
2014-08-02,Kenchu,Tamura city,Wild boar,110
2014-08-02,Aizu,Yama county Inawashiro town,Black bear,74
2014-08-02,Kempoku,Date county Kunimi town,Black bear,120
2014-08-03,Aizu,Kawanuma county Yanaizu town,Black bear,36
2014-08-04,Aizu,Kawanuma county Yanaizu town,Black bear,57
2014-08-05,Aizu,Yama county Inawashiro town,Black bear,79
2014-08-05,Aizu,Yama county Inawashiro town,Black bear,110
2014-08-05,Kempoku,Date county Kori town,Black bear,460
2014-08-06,Kenchu,Koriyama city,Wild boar,17
2014-08-06,Aizu,Yama county Inawashiro town,Black bear,110
2014-08-06,Aizu,Yama county Bandai town,Black bear,83
2014-08-06,Kenchu,Koriyama city,Black bear,33
2014-08-07,Kempoku,Fukushima city,Wild boar,130
2014-08-07,Kempoku,Fukushima city,Wild boar,360
2014-08-07,Aizu,Onuma county Aizumisato town,Black bear,12
2014-08-07,Kempoku,Nihommatsu city,Black bear,340
2014-08-08,Aizu,Yama county Bandai town,Black bear,69
2014-08-08,Kenchu,Koriyama city,Black bear,180
2014-08-08,Kempoku,Date county Kori town,Black bear,350
2014-08-09,Aizu,Kawanuma county Yanaizu town,Black bear,53
2014-08-09,Kempoku,Nihommatsu city,Black bear,290
2014-08-09,Kenchu,Tamura city,Wild boar,92
2014-08-09,Kempoku,Date county Kawamata town,Wild boar,350
2014-08-11,Kempoku,Nihommatsu city,Wild boar,180
2014-08-11,Aizu,Onuma county Aizumisato town,Black bear,20
2014-08-11,Aizu,Yama county Inawashiro town,Black bear,56
2014-08-11,Aizu,Yama county Inawashiro town,Black bear,20
2014-08-11,Minamiaizu,Minamiaizu county Shimogo town,Black bear,52
2014-08-12,Kenchu,Tamura city,Wild boar,87
2014-08-12,Kempoku,Nihommatsu city,Wild boar,46
2014-08-12,Aizu,Onuma county Aizumisato town,Black bear,41
2014-08-12,Kenchu,Koriyama city,Black bear,43
2014-08-12,Kenchu,Sukagawa city,Black bear,160
2014-08-12,Kempoku,Date county Kunimi town,Black bear,150
2014-08-12,Kempoku,Nihommatsu city,Wild boar,160
2014-08-12,Aizu,Kawanuma county Yanaizu town,Black bear,28
2014-08-12,Kempoku,Date county Kawamata town,Wild boar,380
2014-08-13,Kempoku,Nihommatsu city,Wild boar,73
2014-08-13,Kenchu,Koriyama city,Black bear,11
2014-08-13,Kempoku,Fukushima city,Black bear,120
2014-08-13,Aizu,Kawanuma county Yanaizu town,Black bear,47
2014-08-14,Kempoku,Date city,Wild boar,630
2014-08-15,Kenchu,Tamura city,Wild boar,210
2014-08-15,Aizu,Onuma county Aizumisato town,Black bear,14
2014-08-16,Soso,Minamisoma city,Wild boar,600
2014-08-17,Kempoku,Fukushima city,Black bear,110
2014-08-18,Aizu,Aizuwakamatsu city,Black bear,36
2014-08-19,Kenchu,Tamura city,Wild boar,170
2014-08-19,Kenchu,Tamura city,Wild boar,220
2014-08-20,Kenchu,Tamura city,Wild boar,23
2014-08-20,Kenchu,Tamura city,Wild boar,76
2014-08-20,Kenchu,Tamura city,Wild boar,79
2014-08-20,Aizu,Onuma county Aizumisato town,Black bear,22
2014-08-20,Kempoku,Date county Kunimi town,Black bear,220
2014-08-20,Aizu,Yama county Bandai town,Black bear,87
2014-08-20,Aizu,Kawanuma county Yanaizu town,Black bear,49
2014-08-20,Kempoku,Fukushima city,Black bear,160
2014-08-21,Kenchu,Tamura city,Wild boar,19
2014-08-21,Kempoku,Nihommatsu city,Wild boar,4700
2014-08-21,Kempoku,Motomiya city,Wild boar,170
2014-08-22,Kenchu,Sukagawa city,Wild boar,100
2014-08-22,Aizu,Yama county Inawashiro town,Black bear,130
2014-08-23,Kennan,Higashishirakawa county Samegawa village,Wild boar,230
2014-08-23,Kempoku,Nihommatsu city,Wild boar,200
2014-08-24,Kempoku,Nihommatsu city,Wild boar,46
2014-08-24,Kempoku,Nihommatsu city,Wild boar,280
2014-08-24,Soso,Minamisoma city,Wild boar,110
2014-08-24,Aizu,Onuma county Aizumisato town,Black bear,30
2014-08-25,Kenchu,Tamura city,Wild boar,37
2014-08-25,Kempoku,Date county Kori town,Wild boar,130
2014-08-25,Soso,Soma city,Wild boar,220
2014-08-25,Aizu,Yama county Inawashiro town,Black bear,36
2014-08-26,Kenchu,Tamura city,Wild boar,240
2014-08-26,Kempoku,Date county Kori town,Black bear,95
2014-08-27,Aizu,Yama county Nishiaizu town,Black bear,13
2014-08-27,Kenchu,Tamura city,Wild boar,1200
2014-08-27,Kenchu,Tamura city,Wild boar,61
2014-08-27,Kempoku,Nihommatsu city,Wild boar,86
2014-08-27,Aizu,Onuma county Aizumisato town,Black bear,33
2014-08-27,Aizu,Onuma county Aizumisato town,Black bear,30
2014-08-27,Aizu,Yama county Nishiaizu town,Black bear,18
2014-08-28,Kenchu,Tamura city,Wild boar,84
2014-08-28,Kempoku,Nihommatsu city,Wild boar,430
2014-08-28,Aizu,Yama county Inawashiro town,Black bear,44
2014-08-28,Aizu,Yama county Inawashiro town,Black bear,49
2014-08-28,Kempoku,Nihommatsu city,Black bear,130
2014-08-29,Kempoku,Nihommatsu city,Wild boar,160
2014-08-30,Aizu,Yama county Inawashiro town,Black bear,40
2014-09-01,Kempoku,Nihommatsu city,Black bear,130
2014-09-03,Kenchu,Koriyama city,Black bear,42
2014-09-04,Kenchu,Tamura city,Wild boar,67
2014-09-04,Aizu,Yama county Inawashiro town,Black bear,49
2014-09-05,Kempoku,Date county Kori town,Wild boar,190
2014-09-05,Kempoku,Date county Kunimi town,Wild boar,220
2014-09-05,Aizu,Kawanuma county Yanaizu town,Black bear,34
2014-09-06,Aizu,Yama county Inawashiro town,Black bear,34
2014-09-07,Kenchu,Koriyama city,Black bear,180
2014-09-08,Aizu,Yama county Nishiaizu town,Black bear,7
2014-09-09,Soso,Futaba county Katsurao village,Wild boar,5000
2014-09-09,Aizu,Onuma county Aizumisato town,Black bear,15
2014-09-09,Aizu,Kawanuma county Yanaizu town,Black bear,48
2014-09-10,Aizu,Yama county Inawashiro town,Black bear,43
2014-09-10,Kempoku,Fukushima city,Black bear,110
2014-09-11,Kennan,Higashishirakawa county Samegawa village,Wild boar,16
2014-09-11,Kempoku,Nihommatsu city,Wild boar,160
2014-09-11,Kenchu,Koriyama city,Black bear,36
2014-09-12,Kennan,Higashishirakawa county Samegawa village,Wild boar,130
2014-09-13,Aizu,Onuma county Aizumisato town,Black bear,13
2014-09-13,Aizu,Yama county Bandai town,Black bear,43
2014-09-13,Kenchu,Koriyama city,Black bear,47
2014-09-13,Kempoku,Fukushima city,Black bear,110
2014-09-13,Kenchu,Ishikawa county Ishikawa town,Copper pheasant,11
2014-09-14,Aizu,Onuma county Aizumisato town,Black bear,16
2014-09-15,Kempoku,Fukushima city,Copper pheasant,42
2014-09-17,Kenchu,Koriyama city,Black bear,17
2014-09-18,Kenchu,Koriyama city,Black bear,47
2014-09-19,Soso,Futaba county Tomioka town,Wild boar,430
2014-09-20,Soso,Soma city,Wild boar,110
2014-09-20,Kempoku,Fukushima city,Black bear,430
2014-09-21,Kempoku,Fukushima city,Ducks,13
2014-09-21,Kempoku,Fukushima city,Ducks,33
2014-09-23,Kempoku,Nihommatsu city,Wild boar,140
2014-09-23,Soso,Futaba county Tomioka town,Wild boar,340
2014-09-23,Soso,Futaba county Tomioka town,Wild boar,4000
2014-09-24,Soso,Soma city,Wild boar,130
2014-09-25,Kenchu,Sukagawa city,Wild boar,86
2014-09-26,Kempoku,Nihommatsu city,Wild boar,190
2014-09-26,Aizu,Onuma county Aizumisato town,Black bear,24
2014-09-28,Soso,Soma city,Wild boar,67
2014-09-29,Kenchu,Sukagawa city,Wild boar,110
2014-09-29,Kenchu,Koriyama city,Black bear,29
2014-10-01,Kenchu,Koriyama city,Wild boar,49
2014-10-02,Kempoku,Fukushima city,Black bear,87
2014-10-03,Kenchu,Sukagawa city,Wild boar,100
2014-10-04,Soso,Minamisoma city,Wild boar,310
2014-10-07,Minamiaizu,Minamiaizu county Hinoemata village,Japanese sika deer,35
2014-10-08,Kenchu,Koriyama city,Black bear,45
2014-10-13,Kempoku,Fukushima city,Wild boar,240
2014-10-15,Kennan,Higashishirakawa county Samegawa village,Wild boar,290
2014-10-16,Kenchu,Koriyama city,Black bear,81
2014-10-17,Kempoku,Nihommatsu city,Wild boar,250
2014-10-18,Kenchu,Tamura city,Ducks,79
2014-10-18,Kenchu,Tamura city,Pheasant,11
2014-10-18,Kenchu,Tamura city,Pheasant,31
2014-10-19,Kenchu,Sukagawa city,Wild boar,230
2014-10-21,Aizu,Yama county Inawashiro town,Wild boar,47
2014-10-21,Kempoku,Nihommatsu city,Wild boar,340
2014-10-22,Soso,Soma city,Wild boar,330
2014-10-23,Soso,Soma city,Pheasant,65
2014-10-24,Aizu,Yama county Inawashiro town,Wild boar,13
2014-10-28,Aizu,Yama county Inawashiro town,Black bear,85
2014-11-01,Kenchu,Tamura city,Copper pheasant,220
2014-11-02,Kenchu,Tamura city,Copper pheasant,1100
2014-11-05,Kempoku,Nihommatsu city,Wild boar,360
2014-11-08,Kempoku,Nihommatsu city,Wild boar,790
2014-11-10,Kenchu,Sukagawa city,Wild boar,300
2014-11-10,Kenchu,Ishikawa county Hirata village,Copper pheasant,81
2014-11-14,Kenchu,Sukagawa city,Wild boar,280
2014-11-14,Kempoku,Nihommatsu city,Wild boar,920
2014-11-15,Kempoku,Nihommatsu city,Wild boar,580
2014-11-15,Kempoku,Nihommatsu city,Wild boar,1100
2014-11-16,Kenchu,Koriyama city,Wild boar,230
2014-11-17,Kempoku,Nihommatsu city,Wild boar,920
2014-11-17,Kenchu,Ishikawa county Ishikawa town,Ducks,27
2014-11-18,Kempoku,Nihommatsu city,Wild boar,1100
2014-11-18,Kempoku,Nihommatsu city,Wild boar,740
2014-11-18,Kempoku,Nihommatsu city,Wild boar,960
2014-11-18,Soso,Futaba county Tomioka town,Wild boar,10000
2014-11-18,Kenchu,Ishikawa county Ishikawa town,Ducks,27
2014-11-18,Kenchu,Ishikawa county Ishikawa town,Pheasant,13
2014-11-19,Kempoku,Motomiya city,Wild boar,500
2014-11-22,Kenchu,Sukagawa city,Wild boar,1700
2014-11-23,Kempoku,Nihommatsu city,Wild boar,800
2014-11-26,Soso,Futaba county Katsurao village,Wild boar,7900
2014-11-27,Soso,Futaba county Tomioka town,Wild boar,15000
2014-11-28,Kenchu,Sukagawa city,Wild boar,340
2014-12-05,Soso,Futaba county Katsurao village,Wild boar,10000
2014-12-08,Kempoku,Date county Kunimi town,Wild boar,1100
2014-12-09,Kempoku,Date county Kunimi town,Wild boar,800
2014-12-11,Kempoku,Nihommatsu city,Wild boar,540
2014-12-12,Kempoku,Nihommatsu city,Wild boar,770
2014-12-14,Kenchu,Sukagawa city,Wild boar,400
2014-12-14,Kempoku,Date county Kunimi town,Wild boar,1200
2014-12-17,Kempoku,Nihommatsu city,Wild boar,290
2014-12-21,Soso,Minamisoma city,Wild boar,1400
2014-12-21,Soso,Minamisoma city,Wild boar,1500
2014-12-21,Soso,Minamisoma city,Wild boar,1600
2014-12-24,Kempoku,Nihommatsu city,Wild boar,1200
2014-12-25,Kempoku,Date county Kunimi town,Wild boar,1100
2014-12-25,Kempoku,Nihommatsu city,Wild boar,400
2014-12-25,Kempoku,Nihommatsu city,Wild boar,720
2014-12-25,Kempoku,Nihommatsu city,Wild boar,770
2014-12-27,Kempoku,Date county Kunimi town,Wild boar,270
2014-12-28,Kempoku,Date county Kunimi town,Wild boar,800
2014-12-31,Kempoku,Date county Kunimi town,Wild boar,540
2015-01-01,Kempoku,Date county Kunimi town,Wild boar,1700
2015-01-02,Kempoku,Date city,Wild boar,1000
2015-01-07,Kempoku,Date county Kunimi town,Wild boar,390
2015-01-11,Kempoku,Date county Kunimi town,Wild boar,570
2015-01-11,Kempoku,Date county Kunimi town,Wild boar,740
2015-01-13,Kempoku,Date county Kunimi town,Wild boar,310
2015-01-14,Aizu,Yama county Nishiaizu town,Wild boar,39
2015-01-14,Kenchu,Sukagawa city,Wild boar,440
2015-01-15,Kempoku,Date county Kunimi town,Wild boar,480
2015-01-15,Kennan,Shirakawa city,Pheasant,41
2015-01-16,Aizu,Yama county Nishiaizu town,Wild boar,24
2015-01-16,Kempoku,Date county Kunimi town,Wild boar,400
2015-01-16,Kempoku,Date county Kunimi town,Wild boar,760
2015-01-16,Kempoku,Date county Kunimi town,Wild boar,790
2015-01-16,Aizu,Onuma county Aizumisato town,Japanese sika deer,14
2015-01-20,Aizu,Onuma county Aizumisato town,Black bear,57
2015-01-22,Kempoku,Date county Kunimi town,Wild boar,520
2015-01-25,Kempoku,Nihommatsu city,Wild boar,450
2015-01-25,Kempoku,Nihommatsu city,Wild boar,460
2015-01-26,Kempoku,Date county Kunimi town,Wild boar,310
2015-01-29,Aizu,Yama county Nishiaizu town,Wild boar,24
2015-01-31,Soso,Soma city,Copper pheasant,190
2015-02-04,Kempoku,Date county Kunimi town,Wild boar,170
2015-02-05,Aizu,Yama county Nishiaizu town,Wild boar,25
2015-02-06,Kenchu,Tamura city,Wild boar,260
2015-02-07,Kenchu,Tamura city,Wild boar,290
2015-02-08,Kenchu,Sukagawa city,Wild boar,52
2015-02-08,Kenchu,Iwase county Tenei village,Japanese sika deer,85
2015-02-09,Kempoku,Date county Kunimi town,Wild boar,740
2015-02-11,Kenchu,Sukagawa city,Wild boar,180
2015-02-11,Kenchu,Sukagawa city,Wild boar,43
2015-02-12,Kenchu,Tamura city,Wild boar,3400
2015-02-13,Kenchu,Tamura city,Wild boar,160
2015-02-13,Soso,Minamisoma city,Wild boar,5800
2015-02-13,Soso,Minamisoma city,Wild boar,8600
2015-02-13,Soso,Minamisoma city,Wild boar,10000
2015-02-13,Soso,Minamisoma city,Wild boar,30000
2015-02-15,Kenchu,Sukagawa city,Wild boar,300
2015-02-15,Kenchu,Tamura city,Wild boar,350
2015-02-15,Kenchu,Tamura city,Wild boar,490
2015-02-16,Kempoku,Date county Kunimi town,Wild boar,530
2015-02-18,Kempoku,Date county Kunimi town,Wild boar,360
2015-02-21,Kenchu,Tamura city,Wild boar,1300
2015-02-22,Soso,Minamisoma city,Wild boar,270
2015-02-25,Kempoku,Date county Kunimi town,Wild boar,300
2015-02-26,Kempoku,Date county Kunimi town,Wild boar,330
2015-02-27,Kenchu,Sukagawa city,Wild boar,900
2015-02-27,Soso,Futaba county Katsurao village,Wild boar,5700
2015-03-01,Soso,Minamisoma city,Wild boar,9800
2015-03-03,Soso,Futaba county Tomioka town,Wild boar,3800
2015-03-04,Kempoku,Nihommatsu city,Wild boar,320
2015-03-05,Kenchu,Tamura city,Wild boar,580
2015-03-06,Soso,Futaba county Katsurao village,Wild boar,3400
2015-03-07,Kempoku,Nihommatsu city,Wild boar,1600
2015-03-07,Kempoku,Nihommatsu city,Wild boar,1300
2015-03-07,Kempoku,Motomiya city,Wild boar,1500
2015-03-14,Kenchu,Sukagawa city,Wild boar,35
2015-03-18,Kempoku,Motomiya city,Wild boar,450
2015-03-23,Kenchu,Tamura city,Wild boar,75
2015-04-01,Kenchu,Sukagawa city,Wild boar,130
2015-04-06,Kempoku,Date county Kori town,Wild boar,240
2015-04-06,Kempoku,Date county Kori town,Wild boar,830
2015-04-06,Kempoku,Date county Kori town,Wild boar,460
2015-04-07,Kempoku,Date county Kori town,Wild boar,340
2015-04-09,Kenchu,Koriyama city,Wild boar,17
2015-04-23,Kempoku,Date county Kori town,Wild boar,340
2015-04-23,Kempoku,Date county Kori town,Black bear,480
2015-04-26,Kenchu,Koriyama city,Wild boar,50
2015-05-08,Kempoku,Date county Kunimi town,Wild boar,140
2015-05-08,Aizu,Yama county Nishiaizu town,Black bear,32
2015-05-10,Kempoku,Date county Kori town,Wild boar,820
2015-05-19,Kempoku,Date county Kori town,Wild boar,100
2015-05-21,Kempoku,Date county Kori town,Wild boar,80
2015-05-27,Kempoku,Date county Kunimi town,Wild boar,480
2015-05-29,Kempoku,Date county Kori town,Wild boar,160
2015-06-01,Kempoku,Date county Kori town,Wild boar,97
2015-06-02,Kempoku,Date county Kori town,Wild boar,1400
2015-06-05,Aizu,Yama county Inawashiro town,Wild boar,46
2015-06-05,Kempoku,Date county Kunimi town,Wild boar,490
2015-06-08,Kempoku,Date county Kori town,Wild boar,540
2015-06-10,Kempoku,Date county Kori town,Wild boar,160
2015-06-10,Kempoku,Date county Kori town,Wild boar,200
2015-06-15,Kempoku,Date county Kori town,Wild boar,270
2015-06-17,Aizu,Yama county Bandai town,Wild boar,57
2015-06-17,Kempoku,Date county Kori town,Wild boar,190
2015-06-17,Kempoku,Date county Kori town,Wild boar,280
2015-06-18,Kenchu,Koriyama city,Wild boar,12
2015-06-18,Kenchu,Koriyama city,Wild boar,7
2015-06-18,Kempoku,Date county Kori town,Wild boar,130
2015-06-20,Kempoku,Motomiya city,Wild boar,92
2015-06-25,Kempoku,Date county Kori town,Wild boar,210
2015-06-26,Aizu,Onuma county Aizumisato town,Black bear,120
2015-06-28,Kenchu,Sukagawa city,Wild boar,310
