Sampling starting date,Sampling starting time,Sampling ending date,Sampling ending time,Measurement date,Measurement time,Correction base date,Prefecture,City,Sampling coordinate North latitude,Sampling coordinate East longitude,Sampling coordinate North latitude (Decimal),Sampling coordinate East longitude (Decimal),Distance from TEPCO Fukushima Dai-ichi NPP (km),Air dose rate at a height of 1 m above the ground (µSv/h),131I Radioactivity concentration (Bq/m3),131I Detection limit (Bq/m3),134Cs Radioactivity concentration (Bq/m3),134Cs Detection limit (Bq/m3),137Cs Radioactivity concentration (Bq/m3),137Cs Detection limit (Bq/m3),132I Radioactivity concentration (Bq/m3),132I Detection limit (Bq/m3),132Te Radioactivity concentration (Bq/m3),132Te Detection limit (Bq/m3)
2011-04-02,12:55,2011-04-02,13:14,,,2011-04-02,Fukushima prefecture,Futaba county Futaba town,,,,,Around 4,,6.8E+00,,1.8E+00,,3.3E+00,,ND,,ND,
2011-04-18,15:49,2011-04-18,15:57,,,2011-04-18,Fukushima prefecture,Futaba county Futaba town,,,,,Around 4,,3.1E+02,,1.2E+02,,1.1E+02,,ND,,ND,
2011-04-18,15:22,2011-04-18,15:30,,,2011-04-18,Fukushima prefecture,Futaba county Okuma town,,,,,Around 4,,1.5E+01,,1.0E+01,,8.7E+00,,ND,,ND,
2011-04-18,13:03,2011-04-18,13:13,,,2011-04-18,Fukushima prefecture,Futaba county Namie town,,,,,Around 9,,1.0E+01,,5.4E+00,,6.8E+00,,ND,,ND,
2011-04-18,12:39,2011-04-18,12:49,,,2011-04-18,Fukushima prefecture,Futaba county Namie town,,,,,Around 9,,8.4E+00,,6.1E+00,,6.1E+00,,ND,,ND,
2011-04-18,12:24,2011-04-18,12:42,,,2011-04-18,Fukushima prefecture,Futaba county Okuma town,,,,,Around 6,,1.3E+01,,7.2E+00,,6.9E+00,,ND,,ND,
2011-04-18,12:04,2011-04-18,12:18,,,2011-04-18,Fukushima prefecture,Futaba county Tomioka town,,,,,Around 8,,1.1E+01,,6.5E+00,,7.4E+00,,ND,,ND,
2011-04-18,12:51,2011-04-18,13:05,,,2011-04-18,Fukushima prefecture,Futaba county Tomioka town,,,,,Around 9,,9.0E+00,,9.5E+00,,9.5E+00,,ND,,ND,
2011-04-18,14:40,2011-04-18,14:51,,,2011-04-18,Fukushima prefecture,Minamisoma city,,,,,Around 16,,5.2E+00,,6.3E+00,,6.2E+00,,ND,,ND,
2011-04-18,12:27,2011-04-18,12:38,,,2011-04-18,Fukushima prefecture,Futaba county Namie town,,,,,Around 20,,1.1E+01,,6.3E+00,,5.9E+00,,ND,,ND,
2011-04-18,13:08,2011-04-18,13:28,,,2011-04-18,Fukushima prefecture,Futaba county Naraha town,,,,,Around 16,,1.0E+01,,8.0E+00,,6.3E+00,,ND,,ND,
2011-04-18,13:59,2011-04-18,14:19,,,2011-04-18,Fukushima prefecture,Futaba county Naraha town,,,,,Around 18,,7.3E+00,,7.1E+00,,8.3E+00,,ND,,ND,
2011-08-05,13:55,2011-08-05,14:15,2011-08-06,12:31,2011-08-06,Fukushima prefecture,Minamisoma city,"37°31'12.0""","141°00'00.0""",37.520000,141.000000,11,,ND,,6.6E-01,,9.4E-01,,ND,,ND,
2011-08-05,13:10,2011-08-05,13:30,2011-08-06,13:33,2011-08-06,Fukushima prefecture,Futaba county Namie town,"37°28'12.0""","140°57'00.0""",37.470000,140.950000,9.1,,ND,,ND,,7.3E-01,,ND,,ND,
2011-08-05,10:40,2011-08-05,11:00,2011-08-06,14:36,2011-08-06,Fukushima prefecture,Futaba county Okuma town,"37°24'36.0""","140°54'36.0""",37.410000,140.910000,11,,ND,,3.8E-01,,7.7E-01,,ND,,ND,
2011-08-05,10:28,2011-08-05,10:48,2011-08-06,15:38,2011-08-06,Fukushima prefecture,Futaba county Okuma town,"37°23'24.0""","140°57'36.0""",37.390000,140.960000,7.5,,ND,,ND,,6.7E-01,,ND,,ND,
2011-08-05,11:40,2011-08-05,12:00,2011-08-06,16:40,2011-08-06,Fukushima prefecture,Futaba county Naraha town,"37°18'00.0""","140°59'24.0""",37.300000,140.990000,14,,ND,,4.1E-01,,8.7E-01,,ND,,ND,
2011-09-14,13:00,2011-09-14,13:20,2011-09-15,13:09,2011-09-15,Fukushima prefecture,Minamisoma city,"37°31'12.0""","141°00'00.0""",37.520000,141.000000,11,5.0E-01,ND,Around 0.33,ND,Around 0.29,7.5E-01,,ND,Around 0.34,ND,Around 0.24
2011-09-14,12:10,2011-09-14,12:30,2011-09-24,09:19,2011-09-24,Fukushima prefecture,Futaba county Namie town,"37°28'12.0""","140°57'00.0""",37.470000,140.950000,9.1,2.3E+01,ND,Around 0.33,3.9E-01,,8.2E-01,,ND,Around 0.34,ND,Around 0.24
2011-09-14,10:30,2011-09-14,10:50,2011-09-24,10:58,2011-09-24,Fukushima prefecture,Futaba county Okuma town,"37°24'36.0""","140°54'36.0""",37.410000,140.910000,11,3.4E+00,ND,Around 0.33,3.7E-01,,7.2E-01,,ND,Around 0.34,ND,Around 0.24
2011-09-14,09:40,2011-09-14,10:01,2011-09-24,11:59,2011-09-24,Fukushima prefecture,Futaba county Okuma town,"37°23'24.0""","140°57'36.0""",37.390000,140.960000,7.5,3.5E+00,ND,Around 0.33,ND,Around 0.29,5.7E-01,,ND,Around 0.34,ND,Around 0.24
2011-09-14,11:22,2011-09-14,11:43,2011-09-24,13:00,2011-09-24,Fukushima prefecture,Futaba county Naraha town,"37°18'00.0""","140°59'24.0""",37.300000,140.990000,14,1.8E+00,ND,Around 0.33,ND,Around 0.29,4.8E-01,,ND,Around 0.34,ND,Around 0.24
2011-10-11,13:13,2011-10-11,13:33,2011-10-12,14:54,2011-10-12,Fukushima prefecture,Minamisoma city,"37°31'12.0""","141°00'00.0""",37.520000,141.000000,11,5.0E-01,ND,Around 0.33,ND,Around 0.28,8.5E-01,,ND,Around 0.34,ND,Around 0.24
2011-10-11,12:36,2011-10-11,12:56,2011-10-12,15:57,2011-10-12,Fukushima prefecture,Futaba county Namie town,"37°28'12.0""","140°57'00.0""",37.470000,140.950000,9.1,1.8E+01,ND,Around 0.33,ND,Around 0.28,7.5E-01,,ND,Around 0.34,ND,Around 0.24
2011-10-11,11:19,2011-10-11,11:39,2011-10-12,17:03,2011-10-12,Fukushima prefecture,Futaba county Okuma town,"37°24'36.0""","140°54'36.0""",37.410000,140.910000,11,3.2E+00,ND,Around 0.33,ND,Around 0.28,ND,Around 0.25,ND,Around 0.34,ND,Around 0.24
2011-10-11,10:12,2011-10-11,10:32,2011-10-12,18:20,2011-10-12,Fukushima prefecture,Futaba county Okuma town,"37°23'24.0""","140°57'36.0""",37.390000,140.960000,7.5,2.8E+00,ND,Around 0.33,ND,Around 0.28,5.9E-01,,ND,Around 0.34,ND,Around 0.24
2011-10-11,13:01,2011-10-11,13:21,2011-10-13,12:36,2011-10-13,Fukushima prefecture,Futaba county Naraha town,"37°18'00.0""","140°59'24.0""",37.300000,140.990000,14,1.8E+00,ND,Around 0.33,3.5E-01,,7.7E-01,,ND,Around 0.34,ND,Around 0.24
2011-11-08,12:30,2011-11-08,12:50,2011-11-14,11:37,2011-11-14,Fukushima prefecture,Minamisoma city,"37°31'12.0""","141°00'00.0""",37.520000,141.000000,11,5.0E-01,ND,Around 0.33,ND,Around 0.28,5.5E-01,,ND,Around 0.34,ND,Around 0.24
2011-11-08,11:43,2011-11-08,12:03,2011-11-14,16:14,2011-11-14,Fukushima prefecture,Futaba county Namie town,"37°28'12.0""","140°57'00.0""",37.470000,140.950000,9.1,1.9E+01,ND,Around 0.33,ND,Around 0.28,6.0E-01,,ND,Around 0.34,ND,Around 0.24
2011-11-08,10:41,2011-11-08,11:01,2011-11-14,12:40,2011-11-14,Fukushima prefecture,Futaba county Okuma town,"37°24'36.0""","140°54'36.0""",37.410000,140.910000,11,3.1E+00,ND,Around 0.33,3.7E-01,,5.0E-01,,ND,Around 0.34,ND,Around 0.24
2011-11-08,10:35,2011-11-08,10:55,2011-11-14,10:34,2011-11-14,Fukushima prefecture,Futaba county Okuma town,"37°23'24.0""","140°57'36.0""",37.390000,140.960000,7.5,3.1E+00,ND,Around 0.33,3.3E-01,,5.8E-01,,ND,Around 0.34,ND,Around 0.24
2011-11-08,11:40,2011-11-08,12:00,2011-11-14,09:32,2011-11-14,Fukushima prefecture,Futaba county Naraha town,"37°18'00.0""","140°59'24.0""",37.300000,140.990000,14,1.8E+00,ND,Around 0.33,ND,Around 0.28,7.1E-01,,ND,Around 0.34,ND,Around 0.24
2011-12-13,13:20,2011-12-13,13:40,,,2011-12-13,Fukushima prefecture,Minamisoma city,"37°31'12.0""","141°00'00.0""",37.520000,141.000000,11,5.0E-01,ND,Around 0.25,ND,Around 0.29,ND,Around 0.24,ND,Around 0.23,ND,Around 0.21
2011-12-13,12:40,2011-12-13,13:00,,,2011-12-13,Fukushima prefecture,Futaba county Namie town,"37°28'12.0""","140°57'00.0""",37.470000,140.950000,9.1,1.7E+01,ND,Around 0.25,ND,Around 0.29,ND,Around 0.24,ND,Around 0.23,ND,Around 0.21
2011-12-13,11:15,2011-12-13,11:35,,,2011-12-13,Fukushima prefecture,Futaba county Okuma town,"37°24'36.0""","140°54'36.0""",37.410000,140.910000,11,3.2E+00,ND,Around 0.25,ND,Around 0.29,ND,Around 0.24,ND,Around 0.23,ND,Around 0.21
2011-12-13,11:13,2011-12-13,11:33,,,2011-12-13,Fukushima prefecture,Futaba county Okuma town,"37°23'24.0""","140°57'36.0""",37.390000,140.960000,7.5,2.5E+00,ND,Around 0.25,ND,Around 0.29,ND,Around 0.24,ND,Around 0.23,ND,Around 0.21
2011-12-13,12:23,2011-12-13,12:43,,,2011-12-13,Fukushima prefecture,Futaba county Naraha town,"37°18'00.0""","140°59'24.0""",37.300000,140.990000,14,1.6E+00,ND,Around 0.25,ND,Around 0.29,7.4E-01,,ND,Around 0.23,ND,Around 0.21
2012-01-18,13:02,2012-01-18,14:02,,,2012-01-18,Fukushima prefecture,Minamisoma city,"37°31'12.0""","141°00'00.0""",37.520000,141.000000,11,,ND,Around 0.067,ND,Around 0.12,ND,Around 0.097,ND,Around 0.072,ND,Around 0.054
2012-01-18,11:45,2012-01-18,12:45,,,2012-01-18,Fukushima prefecture,Futaba county Namie town,"37°28'12.0""","140°57'00.0""",37.470000,140.950000,9.1,,ND,Around 0.067,ND,Around 0.12,ND,Around 0.097,ND,Around 0.072,ND,Around 0.054
2012-01-18,10:10,2012-01-18,11:13,,,2012-01-18,Fukushima prefecture,Futaba county Okuma town,"37°24'36.0""","140°54'36.0""",37.410000,140.910000,11,,ND,Around 0.067,ND,Around 0.12,ND,Around 0.097,ND,Around 0.072,ND,Around 0.054
2012-01-18,10:31,2012-01-18,11:30,,,2012-01-18,Fukushima prefecture,Futaba county Okuma town,"37°23'24.0""","140°57'36.0""",37.390000,140.960000,7.5,,ND,Around 0.067,ND,Around 0.12,ND,Around 0.097,ND,Around 0.072,ND,Around 0.054
2012-01-18,12:00,2012-01-18,12:57,,,2012-01-18,Fukushima prefecture,Futaba county Naraha town,"37°18'00.0""","140°59'24.0""",37.300000,140.990000,14,,ND,Around 0.067,ND,Around 0.12,ND,Around 0.097,ND,Around 0.072,ND,Around 0.054
2012-02-01,11:24,2012-02-01,12:18,,,2012-02-01,Fukushima prefecture,Minamisoma city,"37°31'12.0""","141°00'00.0""",37.520000,141.000000,11,,ND,Around 0.094,ND,Around 0.11,ND,Around 0.099,ND,Around 0.083,ND,Around 0.053
2012-02-01,10:15,2012-02-01,11:08,,,2012-02-01,Fukushima prefecture,Futaba county Namie town,"37°28'12.0""","140°57'00.0""",37.470000,140.950000,9.1,,ND,Around 0.094,ND,Around 0.11,ND,Around 0.099,ND,Around 0.083,ND,Around 0.053
2012-02-01,09:44,2012-02-01,10:37,,,2012-02-01,Fukushima prefecture,Futaba county Okuma town,"37°24'36.0""","140°54'36.0""",37.410000,140.910000,11,,ND,Around 0.094,ND,Around 0.11,ND,Around 0.099,ND,Around 0.083,ND,Around 0.053
2012-02-01,11:02,2012-02-01,11:56,,,2012-02-01,Fukushima prefecture,Futaba county Okuma town,"37°23'24.0""","140°57'36.0""",37.390000,140.960000,7.5,,ND,Around 0.094,ND,Around 0.11,ND,Around 0.099,ND,Around 0.083,ND,Around 0.053
2012-02-01,12:25,2012-02-01,13:18,,,2012-02-01,Fukushima prefecture,Futaba county Naraha town,"37°18'00.0""","140°59'24.0""",37.300000,140.990000,14,,ND,Around 0.094,ND,Around 0.11,ND,Around 0.099,ND,Around 0.083,ND,Around 0.053
2012-02-13,09:40,2012-02-13,10:34,,,2012-02-13,Fukushima prefecture,Futaba county Okuma town,"37°24'36.0""","140°54'36.0""",37.410000,140.910000,11,,ND,Around 0.067,ND,Around 0.094,ND,Around 0.11,ND,Around 0.080,ND,Around 0.051
2012-02-13,10:56,2012-02-13,11:51,,,2012-02-13,Fukushima prefecture,Futaba county Okuma town,"37°23'24.0""","140°57'36.0""",37.390000,140.960000,7.5,,ND,Around 0.067,ND,Around 0.094,ND,Around 0.11,ND,Around 0.080,ND,Around 0.051
2012-02-13,12:30,2012-02-13,13:24,,,2012-02-13,Fukushima prefecture,Futaba county Naraha town,"37°18'00.0""","140°59'24.0""",37.300000,140.990000,14,,ND,Around 0.067,ND,Around 0.094,ND,Around 0.11,ND,Around 0.080,ND,Around 0.051
2012-02-14,11:20,2012-02-14,12:19,,,2012-02-14,Fukushima prefecture,Minamisoma city,"37°31'12.0""","141°00'00.0""",37.520000,141.000000,11,,ND,Around 0.067,ND,Around 0.094,ND,Around 0.11,ND,Around 0.080,ND,Around 0.051
2012-02-14,10:00,2012-02-14,11:00,,,2012-02-14,Fukushima prefecture,Futaba county Namie town,"37°28'12.0""","140°57'00.0""",37.470000,140.950000,9.1,,ND,Around 0.067,ND,Around 0.094,ND,Around 0.11,ND,Around 0.080,ND,Around 0.051
2012-02-27,11:38,2012-02-27,12:38,,,2012-02-27,Fukushima prefecture,Minamisoma city,"37°31'12.0""","141°00'00.0""",37.520000,141.000000,11,,ND,Around 0.12,ND,Around 0.18,ND,Around 0.19,ND,Around 0.19,ND,Around 0.14
2012-02-27,10:18,2012-02-27,11:18,,,2012-02-27,Fukushima prefecture,Futaba county Namie town,"37°28'12.0""","140°57'00.0""",37.470000,140.950000,9.1,,ND,Around 0.12,ND,Around 0.18,ND,Around 0.19,ND,Around 0.19,ND,Around 0.14
2012-02-27,09:48,2012-02-27,10:41,,,2012-02-27,Fukushima prefecture,Futaba county Okuma town,"37°24'36.0""","140°54'36.0""",37.410000,140.910000,11,,ND,Around 0.12,ND,Around 0.18,ND,Around 0.19,ND,Around 0.19,ND,Around 0.14
2012-02-27,10:59,2012-02-27,11:51,,,2012-02-27,Fukushima prefecture,Futaba county Okuma town,"37°23'24.0""","140°57'36.0""",37.390000,140.960000,7.5,,ND,Around 0.12,ND,Around 0.18,1.4E-01,,ND,Around 0.19,ND,Around 0.14
2012-02-27,12:24,2012-02-27,13:17,,,2012-02-27,Fukushima prefecture,Futaba county Naraha town,"37°18'00.0""","140°59'24.0""",37.300000,140.990000,14,,ND,Around 0.12,ND,Around 0.18,ND,Around 0.19,ND,Around 0.19,ND,Around 0.14
2012-03-11,11:33,2012-03-11,12:32,,,2012-03-11,Fukushima prefecture,Minamisoma city,"37°31'12.0""","141°00'00.0""",37.520000,141.000000,11,,ND,Around 0.12,ND,Around 0.18,ND,Around 0.19,ND,Around 0.19,ND,Around 0.14
2012-03-11,11:10,2012-03-11,12:08,,,2012-03-11,Fukushima prefecture,Futaba county Namie town,"37°28'12.0""","140°57'00.0""",37.470000,140.950000,9.1,,ND,Around 0.12,ND,Around 0.18,ND,Around 0.19,ND,Around 0.19,ND,Around 0.14
2012-03-11,09:34,2012-03-11,10:33,,,2012-03-11,Fukushima prefecture,Futaba county Okuma town,"37°24'36.0""","140°54'36.0""",37.410000,140.910000,11,,ND,Around 0.12,ND,Around 0.18,ND,Around 0.19,ND,Around 0.19,ND,Around 0.14
2012-03-13,09:47,2012-03-13,10:37,,,2012-03-13,Fukushima prefecture,Futaba county Okuma town,"37°23'24.0""","140°57'36.0""",37.390000,140.960000,7.5,,ND,Around 0.12,ND,Around 0.18,ND,Around 0.19,ND,Around 0.19,ND,Around 0.14
2012-03-13,11:22,2012-03-13,12:04,,,2012-03-13,Fukushima prefecture,Futaba county Naraha town,"37°18'00.0""","140°59'24.0""",37.300000,140.990000,14,,ND,Around 0.12,ND,Around 0.18,ND,Around 0.19,ND,Around 0.19,ND,Around 0.14
2012-03-26,10:54,2012-03-26,11:55,,,2012-03-26,Fukushima prefecture,Minamisoma city,"37°31'12.0""","141°00'00.0""",37.520000,141.000000,11,,ND,Around 0.13,ND,Around 0.17,ND,Around 0.18,ND,Around 0.25,ND,Around 0.22
2012-03-26,10:37,2012-03-26,11:37,,,2012-03-26,Fukushima prefecture,Futaba county Namie town,"37°28'12.0""","140°57'00.0""",37.470000,140.950000,9.1,,ND,Around 0.13,ND,Around 0.17,ND,Around 0.18,ND,Around 0.25,ND,Around 0.22
2012-03-26,09:01,2012-03-26,10:00,,,2012-03-26,Fukushima prefecture,Futaba county Okuma town,"37°24'36.0""","140°54'36.0""",37.410000,140.910000,11,,ND,Around 0.13,ND,Around 0.17,ND,Around 0.18,ND,Around 0.25,ND,Around 0.22
2012-03-27,10:19,2012-03-27,11:10,,,2012-03-27,Fukushima prefecture,Futaba county Okuma town,"37°23'24.0""","140°57'36.0""",37.390000,140.960000,7.5,,ND,Around 0.13,ND,Around 0.17,ND,Around 0.18,ND,Around 0.25,ND,Around 0.22
2012-03-27,11:32,2012-03-27,12:23,,,2012-03-27,Fukushima prefecture,Futaba county Naraha town,"37°18'00.0""","140°59'24.0""",37.300000,140.990000,14,,ND,Around 0.13,ND,Around 0.17,ND,Around 0.18,ND,Around 0.25,ND,Around 0.22
2012-04-10,11:09,2012-04-10,12:02,,,2012-04-10,Fukushima prefecture,Minamisoma city,"37°31'12.0""","141°00'00.0""",37.520000,141.000000,11,,ND,Around 0.17,ND,Around 0.15,ND,Around 0.18,ND,Around 0.47,ND,Around 0.37
2012-04-10,12:25,2012-04-10,13:18,,,2012-04-10,Fukushima prefecture,Futaba county Namie town,"37°28'12.0""","140°57'00.0""",37.470000,140.950000,9.1,,ND,Around 0.17,ND,Around 0.15,ND,Around 0.18,ND,Around 0.47,ND,Around 0.37
2012-04-10,09:38,2012-04-10,10:29,,,2012-04-10,Fukushima prefecture,Futaba county Okuma town,"37°24'36.0""","140°54'36.0""",37.410000,140.910000,11,,ND,Around 0.17,ND,Around 0.15,ND,Around 0.18,ND,Around 0.47,ND,Around 0.37
2012-04-10,09:49,2012-04-10,10:46,,,2012-04-10,Fukushima prefecture,Futaba county Okuma town,"37°23'24.0""","140°57'36.0""",37.390000,140.960000,7.5,,ND,Around 0.17,ND,Around 0.15,ND,Around 0.18,ND,Around 0.47,ND,Around 0.37
2012-04-10,11:32,2012-04-10,12:29,,,2012-04-10,Fukushima prefecture,Futaba county Naraha town,"37°18'00.0""","140°59'24.0""",37.300000,140.990000,14,,ND,Around 0.17,ND,Around 0.15,ND,Around 0.18,ND,Around 0.47,ND,Around 0.37
2012-04-21,10:44,2012-04-21,11:36,,,2012-04-21,Fukushima prefecture,Minamisoma city,"37°31'12.0""","141°00'00.0""",37.520000,141.000000,11,,ND,Around 0.069,ND,Around 0.093,ND,Around 0.094,ND,Around 0.077,ND,Around 0.049
2012-04-21,10:18,2012-04-21,11:08,,,2012-04-21,Fukushima prefecture,Futaba county Namie town,"37°28'12.0""","140°57'00.0""",37.470000,140.950000,9.1,,ND,Around 0.069,ND,Around 0.093,ND,Around 0.094,ND,Around 0.077,ND,Around 0.049
2012-04-24,09:27,2012-04-24,10:25,,,2012-04-24,Fukushima prefecture,Futaba county Okuma town,"37°24'36.0""","140°54'36.0""",37.410000,140.910000,11,,ND,Around 0.069,ND,Around 0.093,9.4E-02,,ND,Around 0.077,ND,Around 0.049
2012-04-24,09:52,2012-04-24,10:50,,,2012-04-24,Fukushima prefecture,Futaba county Okuma town,"37°23'24.0""","140°57'36.0""",37.390000,140.960000,7.5,,ND,Around 0.069,ND,Around 0.093,ND,Around 0.094,ND,Around 0.077,ND,Around 0.049
2012-04-24,11:00,2012-04-24,11:56,,,2012-04-24,Fukushima prefecture,Futaba county Naraha town,"37°18'00.0""","140°59'24.0""",37.300000,140.990000,14,,ND,Around 0.069,ND,Around 0.093,ND,Around 0.094,ND,Around 0.077,ND,Around 0.049
2012-05-07,10:37,2012-05-07,11:30,,,2012-05-07,Fukushima prefecture,Minamisoma city,"37°31'12.0""","141°00'00.0""",37.520000,141.000000,11,5.0E-01,ND,Around 0.073,ND,Around 0.098,ND,Around 0.095,ND,Around 0.064,ND,Around 0.053
2012-05-07,12:30,2012-05-07,13:24,,,2012-05-07,Fukushima prefecture,Futaba county Namie town,"37°28'12.0""","140°57'00.0""",37.470000,140.950000,9.1,1.8E+01,ND,Around 0.073,ND,Around 0.098,ND,Around 0.095,ND,Around 0.064,ND,Around 0.053
2012-05-07,10:28,2012-05-07,11:23,,,2012-05-07,Fukushima prefecture,Futaba county Okuma town,"37°24'36.0""","140°54'36.0""",37.410000,140.910000,11,2.8E+00,ND,Around 0.073,ND,Around 0.098,ND,Around 0.095,ND,Around 0.064,ND,Around 0.053
2012-05-07,11:39,2012-05-07,12:35,,,2012-05-07,Fukushima prefecture,Futaba county Okuma town,"37°23'24.0""","140°57'36.0""",37.390000,140.960000,7.5,3.0E+00,ND,Around 0.073,ND,Around 0.098,ND,Around 0.095,ND,Around 0.064,ND,Around 0.053
2012-05-07,13:03,2012-05-07,13:58,,,2012-05-07,Fukushima prefecture,Futaba county Naraha town,"37°18'00.0""","140°59'24.0""",37.300000,140.990000,14,1.6E+00,ND,Around 0.073,ND,Around 0.098,ND,Around 0.095,ND,Around 0.064,ND,Around 0.053
2012-05-21,09:40,2012-05-21,10:33,,,2012-05-21,Fukushima prefecture,Minamisoma city,"37°31'12.0""","141°00'00.0""",37.520000,141.000000,11,5.0E-01,ND,Around 0.068,ND,Around 0.13,ND,Around 0.096,ND,Around 0.068,ND,Around 0.056
2012-05-21,11:10,2012-05-21,12:03,,,2012-05-21,Fukushima prefecture,Futaba county Namie town,"37°28'12.0""","140°57'00.0""",37.470000,140.950000,9.1,1.7E+01,ND,Around 0.068,ND,Around 0.13,ND,Around 0.096,ND,Around 0.068,ND,Around 0.056
2012-05-22,09:41,2012-05-22,10:37,,,2012-05-22,Fukushima prefecture,Futaba county Okuma town,"37°24'36.0""","140°54'36.0""",37.410000,140.910000,11,2.7E+00,ND,Around 0.068,ND,Around 0.13,ND,Around 0.096,ND,Around 0.068,ND,Around 0.056
2012-05-22,10:58,2012-05-22,11:53,,,2012-05-22,Fukushima prefecture,Futaba county Okuma town,"37°23'24.0""","140°57'36.0""",37.390000,140.960000,7.5,2.8E+00,ND,Around 0.068,ND,Around 0.13,ND,Around 0.096,ND,Around 0.068,ND,Around 0.056
2012-05-22,12:20,2012-05-22,13:16,,,2012-05-22,Fukushima prefecture,Futaba county Naraha town,"37°18'00.0""","140°59'24.0""",37.300000,140.990000,14,1.6E+00,ND,Around 0.068,ND,Around 0.13,ND,Around 0.096,ND,Around 0.068,ND,Around 0.056
2012-06-04,09:56,2012-06-04,10:49,,,2012-06-04,Fukushima prefecture,Minamisoma city,"37°31'12.0""","141°00'00.0""",37.520000,141.000000,11,5.0E-01,ND,Around 0.068,ND,Around 0.13,ND,Around 0.10,ND,Around 0.088,ND,Around 0.056
2012-06-04,11:28,2012-06-04,12:22,,,2012-06-04,Fukushima prefecture,Futaba county Namie town,"37°28'12.0""","140°57'00.0""",37.470000,140.950000,9.1,1.5E+01,ND,Around 0.068,ND,Around 0.13,ND,Around 0.10,ND,Around 0.088,ND,Around 0.056
2012-06-04,09:28,2012-06-04,10:26,,,2012-06-04,Fukushima prefecture,Futaba county Okuma town,"37°24'36.0""","140°54'36.0""",37.410000,140.910000,11,2.3E+00,ND,Around 0.068,ND,Around 0.13,ND,Around 0.10,ND,Around 0.088,ND,Around 0.056
2012-06-04,10:45,2012-06-04,11:42,,,2012-06-04,Fukushima prefecture,Futaba county Okuma town,"37°23'24.0""","140°57'36.0""",37.390000,140.960000,7.5,2.4E+00,ND,Around 0.068,ND,Around 0.13,ND,Around 0.10,ND,Around 0.088,ND,Around 0.056
2012-06-04,12:04,2012-06-04,13:01,,,2012-06-04,Fukushima prefecture,Futaba county Naraha town,"37°18'00.0""","140°59'24.0""",37.300000,140.990000,14,1.3E+00,ND,Around 0.068,ND,Around 0.13,ND,Around 0.10,ND,Around 0.088,ND,Around 0.056
2012-06-18,09:38,2012-06-18,10:36,,,2012-06-18,Fukushima prefecture,Futaba county Okuma town,"37°24'36.0""","140°54'36.0""",37.410000,140.910000,11,2.2E+00,ND,Around 0.065,ND,Around 0.085,ND,Around 0.096,ND,Around 0.075,ND,Around 0.052
2012-06-18,10:55,2012-06-18,11:52,,,2012-06-18,Fukushima prefecture,Futaba county Okuma town,"37°23'24.0""","140°57'36.0""",37.390000,140.960000,7.5,2.4E+00,ND,Around 0.065,ND,Around 0.085,ND,Around 0.096,ND,Around 0.075,ND,Around 0.052
2012-06-18,12:24,2012-06-18,13:21,,,2012-06-18,Fukushima prefecture,Futaba county Naraha town,"37°18'00.0""","140°59'24.0""",37.300000,140.990000,14,1.2E+00,ND,Around 0.065,ND,Around 0.085,ND,Around 0.096,ND,Around 0.075,ND,Around 0.052
2012-06-19,09:59,2012-06-19,10:52,,,2012-06-19,Fukushima prefecture,Minamisoma city,"37°31'12.0""","141°00'00.0""",37.520000,141.000000,11,4.0E-01,ND,Around 0.065,ND,Around 0.085,ND,Around 0.096,ND,Around 0.075,ND,Around 0.052
2012-06-19,11:28,2012-06-19,12:22,,,2012-06-19,Fukushima prefecture,Futaba county Namie town,"37°28'12.0""","140°57'00.0""",37.470000,140.950000,9.1,1.4E+01,ND,Around 0.065,ND,Around 0.085,ND,Around 0.096,ND,Around 0.075,ND,Around 0.052
2012-07-03,09:46,2012-07-03,10:39,,,2012-07-03,Fukushima prefecture,Minamisoma city,"37°31'12.0""","141°00'00.0""",37.520000,141.000000,11,5.0E-01,ND,Around 0.069,ND,Around 0.12,ND,Around 0.088,ND,Around 0.072,ND,Around 0.055
2012-07-03,11:18,2012-07-03,12:13,,,2012-07-03,Fukushima prefecture,Futaba county Namie town,"37°28'12.0""","140°57'00.0""",37.470000,140.950000,9.1,1.5E+01,ND,Around 0.069,ND,Around 0.12,ND,Around 0.088,ND,Around 0.072,ND,Around 0.055
2012-07-03,09:21,2012-07-03,10:20,,,2012-07-03,Fukushima prefecture,Futaba county Okuma town,"37°24'36.0""","140°54'36.0""",37.410000,140.910000,11,2.2E+00,ND,Around 0.069,ND,Around 0.12,ND,Around 0.088,ND,Around 0.072,ND,Around 0.055
2012-07-03,10:38,2012-07-03,11:35,,,2012-07-03,Fukushima prefecture,Futaba county Okuma town,"37°23'24.0""","140°57'36.0""",37.390000,140.960000,7.5,2.4E+00,ND,Around 0.069,ND,Around 0.12,ND,Around 0.088,ND,Around 0.072,ND,Around 0.055
2012-07-03,12:03,2012-07-03,13:01,,,2012-07-03,Fukushima prefecture,Futaba county Naraha town,"37°18'00.0""","140°59'24.0""",37.300000,140.990000,14,1.2E+00,ND,Around 0.069,ND,Around 0.12,ND,Around 0.088,ND,Around 0.072,ND,Around 0.055
2012-07-16,09:20,2012-07-16,10:18,,,2012-07-16,Fukushima prefecture,Futaba county Okuma town,"37°24'36.0""","140°54'36.0""",37.410000,140.910000,11,2.4E+00,ND,Around 0.074,ND,Around 0.14,ND,Around 0.099,ND,Around 0.072,ND,Around 0.056
2012-07-16,10:36,2012-07-16,11:34,,,2012-07-16,Fukushima prefecture,Futaba county Okuma town,"37°23'24.0""","140°57'36.0""",37.390000,140.960000,7.5,2.4E+00,ND,Around 0.074,ND,Around 0.14,ND,Around 0.099,ND,Around 0.072,ND,Around 0.056
2012-07-16,12:01,2012-07-16,12:59,,,2012-07-16,Fukushima prefecture,Futaba county Naraha town,"37°18'00.0""","140°59'24.0""",37.300000,140.990000,14,1.2E+00,ND,Around 0.074,ND,Around 0.14,ND,Around 0.099,ND,Around 0.072,ND,Around 0.056
2012-07-18,10:46,2012-07-18,11:40,,,2012-07-18,Fukushima prefecture,Minamisoma city,"37°31'12.0""","141°00'00.0""",37.520000,141.000000,11,4.0E-01,ND,Around 0.074,ND,Around 0.14,ND,Around 0.099,ND,Around 0.072,ND,Around 0.056
2012-07-18,12:10,2012-07-18,13:05,,,2012-07-18,Fukushima prefecture,Futaba county Namie town,"37°28'12.0""","140°57'00.0""",37.470000,140.950000,9.1,1.6E+01,ND,Around 0.074,ND,Around 0.14,ND,Around 0.099,ND,Around 0.072,ND,Around 0.056
2012-07-30,10:18,2012-07-30,11:14,,,2012-07-30,Fukushima prefecture,Minamisoma city,"37°31'12.0""","141°00'00.0""",37.520000,141.000000,11,5.0E-01,ND,Around 0.074,ND,Around 0.13,ND,Around 0.093,ND,Around 0.10,ND,Around 0.056
2012-07-30,11:41,2012-07-30,12:39,,,2012-07-30,Fukushima prefecture,Futaba county Namie town,"37°28'12.0""","140°57'00.0""",37.470000,140.950000,9.1,1.6E+01,ND,Around 0.074,ND,Around 0.13,ND,Around 0.093,ND,Around 0.10,ND,Around 0.056
2012-07-31,09:22,2012-07-31,10:19,,,2012-07-31,Fukushima prefecture,Futaba county Okuma town,"37°24'36.0""","140°54'36.0""",37.410000,140.910000,11,2.6E+00,ND,Around 0.074,ND,Around 0.13,8.5E-02,,ND,Around 0.10,ND,Around 0.056
2012-07-31,10:37,2012-07-31,11:35,,,2012-07-31,Fukushima prefecture,Futaba county Okuma town,"37°23'24.0""","140°57'36.0""",37.390000,140.960000,7.5,2.8E+00,ND,Around 0.074,ND,Around 0.13,ND,Around 0.093,ND,Around 0.10,ND,Around 0.056
2012-07-31,12:01,2012-07-31,13:00,,,2012-07-31,Fukushima prefecture,Futaba county Naraha town,"37°18'00.0""","140°59'24.0""",37.300000,140.990000,14,1.5E+00,ND,Around 0.074,ND,Around 0.13,ND,Around 0.093,ND,Around 0.10,ND,Around 0.056
2012-08-12,08:58,2012-08-12,09:54,,,2012-08-12,Fukushima prefecture,Futaba county Okuma town,"37°24'36.0""","140°54'36.0""",37.410000,140.910000,11,2.6E+00,ND,Around 0.072,ND,Around 0.089,ND,Around 0.085,ND,Around 0.077,ND,Around 0.056
2012-08-12,10:26,2012-08-12,11:24,,,2012-08-12,Fukushima prefecture,Futaba county Okuma town,"37°23'24.0""","140°57'36.0""",37.390000,140.960000,7.5,2.8E+00,ND,Around 0.072,ND,Around 0.089,ND,Around 0.085,ND,Around 0.077,ND,Around 0.056
2012-08-12,12:03,2012-08-12,12:59,,,2012-08-12,Fukushima prefecture,Futaba county Naraha town,"37°18'00.0""","140°59'24.0""",37.300000,140.990000,14,1.4E+00,ND,Around 0.072,ND,Around 0.089,ND,Around 0.085,ND,Around 0.077,ND,Around 0.056
2012-08-14,09:17,2012-08-14,10:12,,,2012-08-14,Fukushima prefecture,Minamisoma city,"37°31'12.0""","141°00'00.0""",37.520000,141.000000,11,4.0E-01,ND,Around 0.072,ND,Around 0.089,8.0E-02,,ND,Around 0.077,ND,Around 0.056
2012-08-14,10:36,2012-08-14,11:32,,,2012-08-14,Fukushima prefecture,Futaba county Namie town,"37°28'12.0""","140°57'00.0""",37.470000,140.950000,9.1,1.5E+01,ND,Around 0.072,ND,Around 0.089,ND,Around 0.085,ND,Around 0.077,ND,Around 0.056
2012-08-27,09:57,2012-08-27,10:55,,,2012-08-27,Fukushima prefecture,Minamisoma city,"37°31'12.0""","141°00'00.0""",37.520000,141.000000,11,4.0E-01,ND,Around 0.065,ND,Around 0.094,ND,Around 0.11,ND,Around 0.070,ND,Around 0.053
2012-08-27,11:16,2012-08-27,12:14,,,2012-08-27,Fukushima prefecture,Futaba county Namie town,"37°28'12.0""","140°57'00.0""",37.470000,140.950000,9.1,1.3E+01,ND,Around 0.065,ND,Around 0.094,ND,Around 0.11,ND,Around 0.070,ND,Around 0.053
2012-08-28,09:36,2012-08-28,10:32,,,2012-08-28,Fukushima prefecture,Futaba county Okuma town,"37°24'36.0""","140°54'36.0""",37.410000,140.910000,11,2.5E+00,ND,Around 0.065,ND,Around 0.094,ND,Around 0.11,ND,Around 0.070,ND,Around 0.053
2012-08-28,10:51,2012-08-28,11:49,,,2012-08-28,Fukushima prefecture,Futaba county Okuma town,"37°23'24.0""","140°57'36.0""",37.390000,140.960000,7.5,2.6E+00,ND,Around 0.065,ND,Around 0.094,ND,Around 0.11,ND,Around 0.070,ND,Around 0.053
2012-08-28,12:47,2012-08-28,13:45,,,2012-08-28,Fukushima prefecture,Futaba county Naraha town,"37°18'00.0""","140°59'24.0""",37.300000,140.990000,14,1.3E+00,ND,Around 0.065,ND,Around 0.094,ND,Around 0.11,ND,Around 0.070,ND,Around 0.053
2012-09-10,10:22,2012-09-10,11:17,,,2012-09-10,Fukushima prefecture,Minamisoma city,"37°31'12.0""","141°00'00.0""",37.520000,141.000000,11,4.0E-01,ND,Around 0.073,ND,Around 0.12,ND,Around 0.093,ND,Around 0.078,ND,Around 0.054
2012-09-10,11:43,2012-09-10,12:40,,,2012-09-10,Fukushima prefecture,Futaba county Namie town,"37°28'12.0""","140°57'00.0""",37.470000,140.950000,9.1,1.5E+01,ND,Around 0.073,ND,Around 0.12,ND,Around 0.093,ND,Around 0.078,ND,Around 0.054
2012-09-11,09:17,2012-09-11,10:16,,,2012-09-11,Fukushima prefecture,Futaba county Okuma town,"37°24'36.0""","140°54'36.0""",37.410000,140.910000,11,2.3E+00,ND,Around 0.073,ND,Around 0.12,ND,Around 0.093,ND,Around 0.078,ND,Around 0.054
2012-09-11,10:29,2012-09-11,11:27,,,2012-09-11,Fukushima prefecture,Futaba county Okuma town,"37°23'24.0""","140°57'36.0""",37.390000,140.960000,7.5,2.5E+00,ND,Around 0.073,ND,Around 0.12,ND,Around 0.093,ND,Around 0.078,ND,Around 0.054
2012-09-11,12:04,2012-09-11,13:02,,,2012-09-11,Fukushima prefecture,Futaba county Naraha town,"37°18'00.0""","140°59'24.0""",37.300000,140.990000,14,1.3E+00,ND,Around 0.073,ND,Around 0.12,ND,Around 0.093,ND,Around 0.078,ND,Around 0.054
2012-09-24,10:03,2012-09-24,10:54,,,2012-09-24,Fukushima prefecture,Minamisoma city,"37°31'12.0""","141°00'00.0""",37.520000,141.000000,11,4.0E-01,ND,Around 0.071,ND,Around 0.097,ND,Around 0.099,ND,Around 0.078,ND,Around 0.052
2012-09-24,11:22,2012-09-24,12:17,,,2012-09-24,Fukushima prefecture,Futaba county Namie town,"37°28'12.0""","140°57'00.0""",37.470000,140.950000,9.1,1.3E+01,ND,Around 0.071,ND,Around 0.097,ND,Around 0.099,ND,Around 0.078,ND,Around 0.052
2012-09-26,09:22,2012-09-26,10:17,,,2012-09-26,Fukushima prefecture,Futaba county Okuma town,"37°24'36.0""","140°54'36.0""",37.410000,140.910000,11,2.3E+00,ND,Around 0.071,ND,Around 0.097,ND,Around 0.099,ND,Around 0.078,ND,Around 0.052
2012-09-26,10:34,2012-09-26,11:29,,,2012-09-26,Fukushima prefecture,Futaba county Okuma town,"37°23'24.0""","140°57'36.0""",37.390000,140.960000,7.5,2.6E+00,ND,Around 0.071,ND,Around 0.097,ND,Around 0.099,ND,Around 0.078,ND,Around 0.052
2012-09-26,12:10,2012-09-26,13:05,,,2012-09-26,Fukushima prefecture,Futaba county Naraha town,"37°18'00.0""","140°59'24.0""",37.300000,140.990000,14,1.3E+00,ND,Around 0.071,ND,Around 0.097,ND,Around 0.099,ND,Around 0.078,ND,Around 0.052
2012-10-09,09:41,2012-10-09,10:37,,,2012-10-09,Fukushima prefecture,Futaba county Okuma town,"37°24'36.0""","140°54'36.0""",37.410000,140.910000,11,2.2E+00,ND,Around 0.068,ND,Around 0.096,ND,Around 0.094,ND,Around 0.081,ND,Around 0.068
2012-10-09,10:57,2012-10-09,11:51,,,2012-10-09,Fukushima prefecture,Futaba county Okuma town,"37°23'24.0""","140°57'36.0""",37.390000,140.960000,7.5,2.4E+00,ND,Around 0.068,ND,Around 0.096,ND,Around 0.094,ND,Around 0.081,ND,Around 0.068
2012-10-09,12:36,2012-10-09,13:30,,,2012-10-09,Fukushima prefecture,Futaba county Naraha town,"37°18'00.0""","140°59'24.0""",37.300000,140.990000,14,1.2E+00,ND,Around 0.068,ND,Around 0.096,ND,Around 0.094,ND,Around 0.081,ND,Around 0.068
2012-10-10,10:15,2012-10-10,11:08,,,2012-10-10,Fukushima prefecture,Minamisoma city,"37°31'12.0""","141°00'00.0""",37.520000,141.000000,11,4.0E-01,ND,Around 0.068,ND,Around 0.096,ND,Around 0.094,ND,Around 0.081,ND,Around 0.068
2012-10-10,11:36,2012-10-10,12:26,,,2012-10-10,Fukushima prefecture,Futaba county Namie town,"37°28'12.0""","140°57'00.0""",37.470000,140.950000,9.1,1.4E+01,ND,Around 0.068,ND,Around 0.096,ND,Around 0.094,ND,Around 0.081,ND,Around 0.068
2012-10-22,09:34,2012-10-22,10:25,,,2012-10-22,Fukushima prefecture,Minamisoma city,"37°31'12.0""","141°00'00.0""",37.520000,141.000000,11,4.0E-01,ND,Around 0.073,ND,Around 0.12,ND,Around 0.091,ND,Around 0.075,ND,Around 0.055
2012-10-22,10:44,2012-10-22,11:36,,,2012-10-22,Fukushima prefecture,Futaba county Namie town,"37°28'12.0""","140°57'00.0""",37.470000,140.950000,9.1,1.4E+01,ND,Around 0.073,ND,Around 0.12,ND,Around 0.091,ND,Around 0.075,ND,Around 0.055
2012-10-24,09:17,2012-10-24,10:12,,,2012-10-24,Fukushima prefecture,Futaba county Okuma town,"37°24'36.0""","140°54'36.0""",37.410000,140.910000,11,2.2E+00,ND,Around 0.073,ND,Around 0.12,ND,Around 0.091,ND,Around 0.075,ND,Around 0.055
2012-10-24,10:30,2012-10-24,11:25,,,2012-10-24,Fukushima prefecture,Futaba county Okuma town,"37°23'24.0""","140°57'36.0""",37.390000,140.960000,7.5,2.4E+00,ND,Around 0.073,ND,Around 0.12,ND,Around 0.091,ND,Around 0.075,ND,Around 0.055
2012-10-24,12:05,2012-10-24,13:01,,,2012-10-24,Fukushima prefecture,Futaba county Naraha town,"37°18'00.0""","140°59'24.0""",37.300000,140.990000,14,1.1E+00,ND,Around 0.073,ND,Around 0.12,ND,Around 0.091,ND,Around 0.075,ND,Around 0.055
2012-11-04,09:12,2012-11-04,10:06,,,2012-11-04,Fukushima prefecture,Futaba county Okuma town,"37°24'36.0""","140°54'36.0""",37.410000,140.910000,11,2.3E+00,ND,Around 0.065,ND,Around 0.12,ND,Around 0.095,ND,Around 0.081,ND,Around 0.052
2012-11-04,10:24,2012-11-04,11:19,,,2012-11-04,Fukushima prefecture,Futaba county Okuma town,"37°23'24.0""","140°57'36.0""",37.390000,140.960000,7.5,2.5E+00,ND,Around 0.065,ND,Around 0.12,ND,Around 0.095,ND,Around 0.081,ND,Around 0.052
2012-11-04,12:09,2012-11-04,13:04,,,2012-11-04,Fukushima prefecture,Futaba county Naraha town,"37°18'00.0""","140°59'24.0""",37.300000,140.990000,14,1.1E+00,ND,Around 0.065,ND,Around 0.12,ND,Around 0.095,ND,Around 0.081,ND,Around 0.052
2012-11-05,09:46,2012-11-05,10:41,,,2012-11-05,Fukushima prefecture,Minamisoma city,"37°31'12.0""","141°00'00.0""",37.520000,141.000000,11,4.0E-01,ND,Around 0.065,ND,Around 0.12,ND,Around 0.095,ND,Around 0.081,ND,Around 0.052
2012-11-05,11:20,2012-11-05,12:15,,,2012-11-05,Fukushima prefecture,Futaba county Namie town,"37°28'12.0""","140°57'00.0""",37.470000,140.950000,9.1,1.4E+01,ND,Around 0.065,ND,Around 0.12,ND,Around 0.095,ND,Around 0.081,ND,Around 0.052
2012-11-19,10:13,2012-11-19,11:05,,,2012-11-19,Fukushima prefecture,Minamisoma city,"37°31'12.0""","141°00'00.0""",37.520000,141.000000,11,4.0E-01,ND,Around 0.072,ND,Around 0.088,ND,Around 0.094,ND,Around 0.072,ND,Around 0.054
2012-11-19,11:35,2012-11-19,12:25,,,2012-11-19,Fukushima prefecture,Futaba county Namie town,"37°28'12.0""","140°57'00.0""",37.470000,140.950000,9.1,1.4E+01,ND,Around 0.072,ND,Around 0.088,ND,Around 0.094,ND,Around 0.072,ND,Around 0.054
2012-11-20,09:22,2012-11-20,10:19,,,2012-11-20,Fukushima prefecture,Futaba county Okuma town,"37°24'36.0""","140°54'36.0""",37.410000,140.910000,11,2.2E+00,ND,Around 0.072,ND,Around 0.088,ND,Around 0.094,ND,Around 0.072,ND,Around 0.054
2012-11-20,10:40,2012-11-20,11:34,,,2012-11-20,Fukushima prefecture,Futaba county Okuma town,"37°23'24.0""","140°57'36.0""",37.390000,140.960000,7.5,2.5E+00,ND,Around 0.072,ND,Around 0.088,ND,Around 0.094,ND,Around 0.072,ND,Around 0.054
2012-11-20,12:17,2012-11-20,13:11,,,2012-11-20,Fukushima prefecture,Futaba county Naraha town,"37°18'00.0""","140°59'24.0""",37.300000,140.990000,14,1.0E+00,ND,Around 0.072,ND,Around 0.088,ND,Around 0.094,ND,Around 0.072,ND,Around 0.054
2012-12-03,10:35,2012-12-03,11:29,,,2012-12-03,Fukushima prefecture,Minamisoma city,"37°31'12.0""","141°00'00.0""",37.520000,141.000000,11,4.0E-01,ND,Around 0.065,ND,Around 0.12,ND,Around 0.095,ND,Around 0.081,ND,Around 0.052
2012-12-03,11:55,2012-12-03,12:49,,,2012-12-03,Fukushima prefecture,Futaba county Namie town,"37°28'12.0""","140°57'00.0""",37.470000,140.950000,9.1,1.4E+01,ND,Around 0.065,ND,Around 0.12,ND,Around 0.095,ND,Around 0.081,ND,Around 0.052
2012-12-03,10:33,2012-12-03,11:27,,,2012-12-03,Fukushima prefecture,Futaba county Okuma town,"37°24'36.0""","140°54'36.0""",37.410000,140.910000,11,2.3E+00,ND,Around 0.065,ND,Around 0.12,ND,Around 0.095,ND,Around 0.081,ND,Around 0.052
2012-12-03,11:42,2012-12-03,12:38,,,2012-12-03,Fukushima prefecture,Futaba county Okuma town,"37°23'24.0""","140°57'36.0""",37.390000,140.960000,7.5,2.5E+00,ND,Around 0.065,ND,Around 0.12,ND,Around 0.095,ND,Around 0.081,ND,Around 0.052
2012-12-03,13:12,2012-12-03,14:07,,,2012-12-03,Fukushima prefecture,Futaba county Naraha town,"37°18'00.0""","140°59'24.0""",37.300000,140.990000,14,1.1E+00,ND,Around 0.065,ND,Around 0.12,ND,Around 0.095,ND,Around 0.081,ND,Around 0.052
2012-12-17,12:04,2012-12-17,12:57,,,2012-12-17,Fukushima prefecture,Minamisoma city,"37°31'12.0""","141°00'00.0""",37.520000,141.000000,11,4.0E-01,ND,Around 0.065,ND,Around 0.12,ND,Around 0.095,ND,Around 0.081,ND,Around 0.052
2012-12-17,10:32,2012-12-17,11:24,,,2012-12-17,Fukushima prefecture,Futaba county Namie town,"37°28'12.0""","140°57'00.0""",37.470000,140.950000,9.1,1.3E+01,ND,Around 0.065,ND,Around 0.12,ND,Around 0.095,ND,Around 0.081,ND,Around 0.052
2012-12-18,10:14,2012-12-18,11:10,,,2012-12-18,Fukushima prefecture,Futaba county Okuma town,"37°24'36.0""","140°54'36.0""",37.410000,140.910000,11,2.2E+00,ND,Around 0.065,ND,Around 0.12,ND,Around 0.095,ND,Around 0.081,ND,Around 0.052
2012-12-18,11:27,2012-12-18,12:24,,,2012-12-18,Fukushima prefecture,Futaba county Okuma town,"37°23'24.0""","140°57'36.0""",37.390000,140.960000,7.5,2.3E+00,ND,Around 0.065,ND,Around 0.12,ND,Around 0.095,ND,Around 0.081,ND,Around 0.052
2012-12-18,13:04,2012-12-18,14:03,,,2012-12-18,Fukushima prefecture,Futaba county Naraha town,"37°18'00.0""","140°59'24.0""",37.300000,140.990000,14,9.0E-01,ND,Around 0.065,ND,Around 0.12,ND,Around 0.095,ND,Around 0.081,ND,Around 0.052
2013-01-02,10:54,2013-01-02,11:51,,,2013-01-02,Fukushima prefecture,Minamisoma city,"37°31'12.0""","141°00'00.0""",37.520000,141.000000,11,4.0E-01,ND,Around 0.073,ND,Around 0.10,ND,Around 0.093,ND,Around 0.074,ND,Around 0.053
2013-01-02,12:12,2013-01-02,13:09,,,2013-01-02,Fukushima prefecture,Futaba county Namie town,"37°28'12.0""","140°57'00.0""",37.470000,140.950000,9.1,1.4E+01,ND,Around 0.073,ND,Around 0.10,ND,Around 0.093,ND,Around 0.074,ND,Around 0.053
2013-01-03,10:41,2013-01-03,11:33,,,2013-01-03,Fukushima prefecture,Futaba county Okuma town,"37°24'36.0""","140°54'36.0""",37.410000,140.910000,11,2.1E+00,ND,Around 0.073,ND,Around 0.10,ND,Around 0.093,ND,Around 0.074,ND,Around 0.053
2013-01-03,12:39,2013-01-03,13:31,,,2013-01-03,Fukushima prefecture,Futaba county Naraha town,"37°18'00.0""","140°59'24.0""",37.300000,140.990000,14,8.0E-01,ND,Around 0.073,ND,Around 0.10,ND,Around 0.093,ND,Around 0.074,ND,Around 0.053
2013-01-04,10:23,2013-01-04,11:23,,,2013-01-04,Fukushima prefecture,Futaba county Okuma town,"37°23'24.0""","140°57'36.0""",37.390000,140.960000,7.5,2.2E+00,ND,Around 0.073,ND,Around 0.10,ND,Around 0.093,ND,Around 0.074,ND,Around 0.053
2013-01-16,11:24,2013-01-16,12:19,,,2013-01-16,Fukushima prefecture,Futaba county Okuma town,"37°24'36.0""","140°54'36.0""",37.410000,140.910000,11,1.6E+00,ND,Around 0.067,ND,Around 0.11,ND,Around 0.10,ND,Around 0.082,ND,Around 0.052
2013-01-16,12:36,2013-01-16,13:29,,,2013-01-16,Fukushima prefecture,Futaba county Okuma town,"37°23'24.0""","140°57'36.0""",37.390000,140.960000,7.5,2.0E+00,ND,Around 0.067,ND,Around 0.11,ND,Around 0.10,ND,Around 0.082,ND,Around 0.052
2013-01-16,14:09,2013-01-16,15:05,,,2013-01-16,Fukushima prefecture,Futaba county Naraha town,"37°18'00.0""","140°59'24.0""",37.300000,140.990000,14,7.0E-01,ND,Around 0.067,ND,Around 0.11,ND,Around 0.10,ND,Around 0.082,ND,Around 0.052
2013-01-17,12:29,2013-01-17,13:25,,,2013-01-17,Fukushima prefecture,Minamisoma city,"37°31'12.0""","141°00'00.0""",37.520000,141.000000,11,4.0E-01,ND,Around 0.067,ND,Around 0.11,ND,Around 0.10,ND,Around 0.082,ND,Around 0.052
2013-01-17,11:03,2013-01-17,11:59,,,2013-01-17,Fukushima prefecture,Futaba county Namie town,"37°28'12.0""","140°57'00.0""",37.470000,140.950000,9.1,1.2E+01,ND,Around 0.067,ND,Around 0.11,ND,Around 0.10,ND,Around 0.082,ND,Around 0.052
2013-01-27,12:59,2013-01-27,13:52,,,2013-01-27,Fukushima prefecture,Minamisoma city,"37°31'12.0""","141°00'00.0""",37.520000,141.000000,11,4.0E-01,ND,Around 0.068,ND,Around 0.10,ND,Around 0.089,ND,Around 0.080,ND,Around 0.051
2013-01-27,11:33,2013-01-27,12:27,,,2013-01-27,Fukushima prefecture,Futaba county Namie town,"37°28'12.0""","140°57'00.0""",37.470000,140.950000,9.1,1.2E+01,ND,Around 0.068,ND,Around 0.10,ND,Around 0.089,ND,Around 0.080,ND,Around 0.051
2013-01-28,10:52,2013-01-28,11:48,,,2013-01-28,Fukushima prefecture,Futaba county Okuma town,"37°24'36.0""","140°54'36.0""",37.410000,140.910000,11,1.8E+00,ND,Around 0.068,ND,Around 0.10,ND,Around 0.089,ND,Around 0.080,ND,Around 0.051
2013-01-28,11:58,2013-01-28,12:54,,,2013-01-28,Fukushima prefecture,Futaba county Okuma town,"37°23'24.0""","140°57'36.0""",37.390000,140.960000,7.5,2.3E+00,ND,Around 0.068,ND,Around 0.10,ND,Around 0.089,ND,Around 0.080,ND,Around 0.051
2013-01-28,13:28,2013-01-28,14:24,,,2013-01-28,Fukushima prefecture,Futaba county Naraha town,"37°18'00.0""","140°59'24.0""",37.300000,140.990000,14,7.0E-01,ND,Around 0.068,ND,Around 0.10,ND,Around 0.089,ND,Around 0.080,ND,Around 0.051
2013-02-11,11:05,2013-02-11,11:56,,,2013-02-11,Fukushima prefecture,Minamisoma city,"37°31'12.0""","141°00'00.0""",37.520000,141.000000,11,4.0E-01,ND,Around 0.21,ND,Around 0.059,ND,Around 0.058,ND,Around 0.72,ND,Around 0.83
2013-02-11,12:21,2013-02-11,13:12,,,2013-02-11,Fukushima prefecture,Futaba county Namie town,"37°28'12.0""","140°57'00.0""",37.470000,140.950000,9.1,1.3E+01,ND,Around 0.21,ND,Around 0.059,ND,Around 0.058,ND,Around 0.72,ND,Around 0.83
2013-02-11,10:40,2013-02-11,11:35,,,2013-02-11,Fukushima prefecture,Futaba county Okuma town,"37°24'36.0""","140°54'36.0""",37.410000,140.910000,11,2.0E+00,ND,Around 0.21,ND,Around 0.059,ND,Around 0.058,ND,Around 0.72,ND,Around 0.83
2013-02-11,11:57,2013-02-11,12:52,,,2013-02-11,Fukushima prefecture,Futaba county Okuma town,"37°23'24.0""","140°57'36.0""",37.390000,140.960000,7.5,2.2E+00,ND,Around 0.21,ND,Around 0.059,ND,Around 0.058,ND,Around 0.72,ND,Around 0.83
2013-02-11,13:52,2013-02-11,14:47,,,2013-02-11,Fukushima prefecture,Futaba county Naraha town,"37°18'00.0""","140°59'24.0""",37.300000,140.990000,14,7.0E-01,ND,Around 0.21,ND,Around 0.059,ND,Around 0.058,ND,Around 0.72,ND,Around 0.83
2013-02-28,10:29,2013-02-28,11:22,,,2013-02-28,Fukushima prefecture,Futaba county Namie town,"37°28'12.0""","140°57'00.0""",37.470000,140.950000,9.1,1.3E+01,ND,Around 0.16,ND,Around 0.093,ND,Around 0.077,ND,Around 0.22,ND,Around 0.24
2013-02-28,09:07,2013-02-28,10:07,,,2013-02-28,Fukushima prefecture,Futaba county Okuma town,"37°24'36.0""","140°54'36.0""",37.410000,140.910000,11,2.1E+00,ND,Around 0.16,ND,Around 0.093,ND,Around 0.077,ND,Around 0.22,ND,Around 0.24
2013-02-28,11:45,2013-02-28,12:40,,,2013-02-28,Fukushima prefecture,Futaba county Okuma town,"37°23'24.0""","140°57'36.0""",37.390000,140.960000,7.5,2.3E+00,ND,Around 0.16,ND,Around 0.093,ND,Around 0.077,ND,Around 0.22,ND,Around 0.24
2013-02-28,13:09,2013-02-28,14:02,,,2013-02-28,Fukushima prefecture,Futaba county Naraha town,"37°18'00.0""","140°59'24.0""",37.300000,140.990000,14,8.0E-01,ND,Around 0.16,ND,Around 0.093,ND,Around 0.077,ND,Around 0.22,ND,Around 0.24
2013-03-01,09:55,2013-03-01,10:55,,,2013-03-01,Fukushima prefecture,Minamisoma city,"37°31'12.0""","141°00'00.0""",37.520000,141.000000,11,4.0E-01,ND,Around 0.16,ND,Around 0.093,ND,Around 0.077,ND,Around 0.22,ND,Around 0.24
2013-03-11,11:20,2013-03-11,12:13,,,2013-03-11,Fukushima prefecture,Minamisoma city,"37°31'12.0""","141°00'00.0""",37.520000,141.000000,11,4.0E-01,ND,Around 0.20,ND,Around 0.093,ND,Around 0.074,ND,Around 0.42,ND,Around 0.43
2013-03-11,12:39,2013-03-11,13:33,,,2013-03-11,Fukushima prefecture,Futaba county Namie town,"37°28'12.0""","140°57'00.0""",37.470000,140.950000,9.1,1.3E+01,ND,Around 0.20,ND,Around 0.093,ND,Around 0.074,ND,Around 0.42,ND,Around 0.43
2013-03-12,10:28,2013-03-12,11:20,,,2013-03-12,Fukushima prefecture,Futaba county Okuma town,"37°24'36.0""","140°54'36.0""",37.410000,140.910000,11,2.2E+00,ND,Around 0.20,ND,Around 0.093,ND,Around 0.074,ND,Around 0.42,ND,Around 0.43
2013-03-12,11:38,2013-03-12,12:33,,,2013-03-12,Fukushima prefecture,Futaba county Okuma town,"37°23'24.0""","140°57'36.0""",37.390000,140.960000,7.5,2.3E+00,ND,Around 0.20,ND,Around 0.093,ND,Around 0.074,ND,Around 0.42,ND,Around 0.43
2013-03-12,13:06,2013-03-12,14:00,,,2013-03-12,Fukushima prefecture,Futaba county Naraha town,"37°18'00.0""","140°59'24.0""",37.300000,140.990000,14,1.0E+00,ND,Around 0.20,ND,Around 0.093,ND,Around 0.074,ND,Around 0.42,ND,Around 0.43
2013-03-24,09:50,2013-03-24,10:43,,,2013-03-24,Fukushima prefecture,Futaba county Namie town,"37°28'12.0""","140°57'00.0""",37.470000,140.950000,9.1,1.3E+01,ND,Around 0.23,ND,Around 0.086,ND,Around 0.073,ND,Around 0.51,ND,Around 0.57
2013-03-24,08:31,2013-03-24,09:31,,,2013-03-24,Fukushima prefecture,Futaba county Okuma town,"37°24'36.0""","140°54'36.0""",37.410000,140.910000,11,2.2E+00,ND,Around 0.23,ND,Around 0.086,ND,Around 0.073,ND,Around 0.51,ND,Around 0.57
2013-03-24,11:25,2013-03-24,12:19,,,2013-03-24,Fukushima prefecture,Futaba county Okuma town,"37°23'24.0""","140°57'36.0""",37.390000,140.960000,7.5,2.4E+00,ND,Around 0.23,ND,Around 0.086,ND,Around 0.073,ND,Around 0.51,ND,Around 0.57
2013-03-24,13:09,2013-03-24,14:03,,,2013-03-24,Fukushima prefecture,Futaba county Naraha town,"37°18'00.0""","140°59'24.0""",37.300000,140.990000,14,7.0E-01,ND,Around 0.23,ND,Around 0.086,ND,Around 0.073,ND,Around 0.51,ND,Around 0.57
2013-03-29,10:46,2013-03-29,11:46,,,2013-03-29,Fukushima prefecture,Minamisoma city,"37°31'12.0""","141°00'00.0""",37.520000,141.000000,11,3.0E-01,ND,Around 0.23,ND,Around 0.086,ND,Around 0.073,ND,Around 0.51,ND,Around 0.57
2013-04-13,10:02,2013-04-13,10:56,,,2013-04-13,Fukushima prefecture,Minamisoma city,"37°31'12.0""","141°00'00.0""",37.520000,141.000000,11,3.0E-01,ND,Around 0.14,ND,Around 0.087,ND,Around 0.073,ND,Around 0.19,ND,Around 0.19
2013-04-13,11:26,2013-04-13,12:19,,,2013-04-13,Fukushima prefecture,Futaba county Namie town,"37°28'12.0""","140°57'00.0""",37.470000,140.950000,9.1,1.1E+01,ND,Around 0.14,ND,Around 0.087,ND,Around 0.073,ND,Around 0.19,ND,Around 0.19
2013-04-13,08:36,2013-04-13,09:30,,,2013-04-13,Fukushima prefecture,Futaba county Okuma town,"37°24'36.0""","140°54'36.0""",37.410000,140.910000,11,1.9E+00,ND,Around 0.14,ND,Around 0.087,ND,Around 0.073,ND,Around 0.19,ND,Around 0.19
2013-04-13,12:55,2013-04-13,13:50,,,2013-04-13,Fukushima prefecture,Futaba county Okuma town,"37°23'24.0""","140°57'36.0""",37.390000,140.960000,7.5,2.1E+00,ND,Around 0.14,ND,Around 0.087,ND,Around 0.073,ND,Around 0.19,ND,Around 0.19
2013-04-13,14:18,2013-04-13,15:14,,,2013-04-13,Fukushima prefecture,Futaba county Naraha town,"37°18'00.0""","140°59'24.0""",37.300000,140.990000,14,1.0E+00,ND,Around 0.14,ND,Around 0.087,ND,Around 0.073,ND,Around 0.19,ND,Around 0.19
2013-04-23,13:40,2013-04-24,13:40,,,2013-04-23,Fukushima prefecture,Minamisoma city,,,,,Around 16,1.0E-01,ND,,5.0E-04,,9.6E-04,,ND,,ND,
2013-04-23,14:40,2013-04-24,14:40,,,2013-04-23,Fukushima prefecture,Futaba county Namie town,,,,,Around 9,2.0E-01,ND,,3.7E-04,,6.9E-04,,ND,,ND,
2013-04-23,12:50,2013-04-23,21:50,,,2013-04-23,Fukushima prefecture,Futaba county Futaba town,,,,,Around 4,2.2E+00,ND,,1.1E-03,,2.0E-03,,ND,,ND,
2013-04-23,15:40,2013-04-24,15:40,,,2013-04-23,Fukushima prefecture,Futaba county Okuma town,,,,,Around 5,2.0E+00,ND,,4.2E-04,,1.0E-03,,ND,,ND,
2013-04-23,11:15,2013-04-24,11:15,,,2013-04-23,Fukushima prefecture,Futaba county Tomioka town,,,,,Around 9,3.1E+00,ND,,1.3E-03,,2.2E-03,,ND,,ND,
2013-04-23,12:00,2013-04-24,12:00,,,2013-04-23,Fukushima prefecture,Futaba county Naraha town,,,,,Around 16,3.0E-01,ND,,ND,,2.7E-04,,ND,,ND,
2013-05-08,13:05,2013-05-09,13:05,,,2013-05-08,Fukushima prefecture,Minamisoma city,,,,,Around 16,1.0E-01,ND,,1.1E-03,,2.4E-03,,ND,,ND,
2013-05-08,13:45,2013-05-09,13:45,,,2013-05-08,Fukushima prefecture,Futaba county Namie town,,,,,Around 9,2.0E-01,ND,,ND,,ND,,ND,,ND,
2013-05-08,14:20,2013-05-09,14:20,,,2013-05-08,Fukushima prefecture,Futaba county Okuma town,,,,,Around 5,2.1E+00,ND,,4.0E-04,,6.9E-04,,ND,,ND,
2013-05-08,14:45,2013-05-09,14:45,,,2013-05-08,Fukushima prefecture,Futaba county Tomioka town,,,,,Around 9,3.0E+00,ND,,9.8E-04,,2.1E-03,,ND,,ND,
2013-05-08,15:20,2013-05-09,15:20,,,2013-05-08,Fukushima prefecture,Futaba county Naraha town,,,,,Around 16,3.0E-01,ND,,ND,,ND,,ND,,ND,
2013-05-21,09:55,2013-05-21,15:55,,,2013-05-21,Fukushima prefecture,Futaba county Futaba town,,,,,Around 4,1.9E+00,ND,,ND,,1.8E-03,,ND,,ND,
2013-05-22,13:00,2013-05-23,13:00,,,2013-05-22,Fukushima prefecture,Minamisoma city,,,,,Around 16,1.0E-01,ND,,5.2E-03,,1.0E-02,,ND,,ND,
2013-05-22,13:55,2013-05-23,13:55,,,2013-05-22,Fukushima prefecture,Futaba county Namie town,,,,,Around 9,2.0E-01,ND,,ND,,6.7E-04,,ND,,ND,
2013-05-22,14:35,2013-05-23,14:35,,,2013-05-22,Fukushima prefecture,Futaba county Okuma town,,,,,Around 5,1.9E+00,ND,,8.2E-03,,1.6E-02,,ND,,ND,
2013-05-22,15:00,2013-05-23,15:00,,,2013-05-22,Fukushima prefecture,Futaba county Tomioka town,,,,,Around 9,3.0E+00,ND,,1.0E-02,,2.0E-02,,ND,,ND,
2013-05-22,15:25,2013-05-23,15:25,,,2013-05-22,Fukushima prefecture,Futaba county Naraha town,,,,,Around 16,3.0E-01,ND,,ND,,5.3E-04,,ND,,ND,
2013-06-05,13:25,2013-06-06,13:25,,,2013-06-05,Fukushima prefecture,Minamisoma city,,,,,Around 16,1.0E-01,ND,,8.8E-04,,2.1E-03,,ND,,ND,
2013-06-05,14:00,2013-06-06,14:00,,,2013-06-05,Fukushima prefecture,Futaba county Namie town,,,,,Around 9,2.0E-01,ND,,1.4E-03,,2.9E-03,,ND,,ND,
2013-06-05,14:35,2013-06-06,14:35,,,2013-06-05,Fukushima prefecture,Futaba county Okuma town,,,,,Around 5,2.1E+00,ND,,1.1E-03,,2.5E-03,,ND,,ND,
2013-06-05,15:10,2013-06-06,15:10,,,2013-06-05,Fukushima prefecture,Futaba county Tomioka town,,,,,Around 9,2.7E+00,ND,,5.8E-04,,1.2E-03,,ND,,ND,
2013-06-05,15:35,2013-06-06,15:35,,,2013-06-05,Fukushima prefecture,Futaba county Naraha town,,,,,Around 16,3.0E-01,ND,,ND,,6.7E-04,,ND,,ND,
2013-06-19,13:20,2013-06-20,13:20,,,2013-06-19,Fukushima prefecture,Minamisoma city,,,,,Around 16,1.0E-01,ND,,ND,,5.2E-04,,ND,,ND,
2013-06-19,13:55,2013-06-20,13:55,,,2013-06-19,Fukushima prefecture,Futaba county Namie town,,,,,Around 9,2.0E-01,ND,,1.1E-03,,2.4E-03,,ND,,ND,
2013-06-19,14:40,2013-06-20,14:40,,,2013-06-19,Fukushima prefecture,Futaba county Okuma town,,,,,Around 5,2.0E+00,ND,,4.7E-04,,1.1E-03,,ND,,ND,
2013-06-19,15:05,2013-06-20,15:05,,,2013-06-19,Fukushima prefecture,Futaba county Tomioka town,,,,,Around 9,2.9E+00,ND,,4.4E-04,,7.8E-04,,ND,,ND,
2013-06-19,15:30,2013-06-20,15:30,,,2013-06-19,Fukushima prefecture,Futaba county Naraha town,,,,,Around 16,3.0E-01,ND,,ND,,ND,,ND,,ND,
2013-06-20,08:55,2013-06-20,14:55,,,2013-06-20,Fukushima prefecture,Futaba county Futaba town,,,,,Around 4,1.9E+00,ND,,1.7E-02,,3.4E-02,,ND,,ND,
2013-07-03,13:15,2013-07-04,13:15,,,2013-07-03,Fukushima prefecture,Minamisoma city,,,,,Around 16,1.0E-01,ND,,ND,,5.1E-04,,ND,,ND,
2013-07-03,13:50,2013-07-04,13:50,,,2013-07-03,Fukushima prefecture,Futaba county Namie town,,,,,Around 9,2.0E-01,ND,,4.5E-04,,8.4E-04,,ND,,ND,
2013-07-03,14:25,2013-07-04,14:25,,,2013-07-03,Fukushima prefecture,Futaba county Okuma town,,,,,Around 5,1.8E+00,ND,,7.2E-04,,1.5E-03,,ND,,ND,
2013-07-03,14:50,2013-07-04,14:50,,,2013-07-03,Fukushima prefecture,Futaba county Tomioka town,,,,,Around 9,2.4E+00,ND,,3.8E-04,,1.0E-03,,ND,,ND,
2013-07-03,15:15,2013-07-04,15:15,,,2013-07-03,Fukushima prefecture,Futaba county Naraha town,,,,,Around 16,3.0E-01,ND,,ND,,ND,,ND,,ND,
2013-07-17,13:25,2013-07-18,13:25,,,2013-07-17,Fukushima prefecture,Minamisoma city,,,,,Around 16,1.0E-01,ND,,ND,,2.9E-04,,ND,,ND,
2013-07-17,13:50,2013-07-18,13:50,,,2013-07-17,Fukushima prefecture,Futaba county Namie town,,,,,Around 9,2.0E-01,ND,,5.4E-04,,1.4E-03,,ND,,ND,
2013-07-17,09:10,2013-07-17,15:10,,,2013-07-17,Fukushima prefecture,Futaba county Futaba town,,,,,Around 4,2.0E+00,ND,,5.1E-03,,1.1E-02,,ND,,ND,
2013-07-17,14:25,2013-07-18,14:25,,,2013-07-17,Fukushima prefecture,Futaba county Okuma town,,,,,Around 5,1.7E+00,ND,,9.4E-04,,1.9E-03,,ND,,ND,
2013-07-17,14:50,2013-07-18,14:50,,,2013-07-17,Fukushima prefecture,Futaba county Tomioka town,,,,,Around 9,2.8E+00,ND,,1.6E-03,,3.5E-03,,ND,,ND,
2013-07-17,15:15,2013-07-18,15:15,,,2013-07-17,Fukushima prefecture,Futaba county Naraha town,,,,,Around 16,3.0E-01,ND,,6.0E-04,,1.4E-03,,ND,,ND,
2013-07-31,13:30,2013-08-01,13:30,,,2013-07-31,Fukushima prefecture,Minamisoma city,,,,,Around 16,1.0E-01,ND,,ND,,ND,,ND,,ND,
2013-07-31,14:05,2013-08-01,14:05,,,2013-07-31,Fukushima prefecture,Futaba county Namie town,,,,,Around 9,2.0E-01,ND,,ND,,ND,,ND,,ND,
2013-07-31,14:50,2013-08-01,14:50,,,2013-07-31,Fukushima prefecture,Futaba county Okuma town,,,,,Around 5,1.8E+00,ND,,5.9E-04,,1.3E-03,,ND,,ND,
2013-07-31,15:15,2013-08-01,15:15,,,2013-07-31,Fukushima prefecture,Futaba county Tomioka town,,,,,Around 9,2.6E+00,ND,,6.4E-04,,1.8E-03,,ND,,ND,
2013-07-31,15:40,2013-08-01,15:40,,,2013-07-31,Fukushima prefecture,Futaba county Naraha town,,,,,Around 16,3.0E-01,ND,,7.5E-04,,1.6E-03,,ND,,ND,
2013-08-14,13:10,2013-08-15,13:10,,,2013-08-14,Fukushima prefecture,Minamisoma city,,,,,Around 16,1.0E-01,ND,,1.9E-03,,4.2E-03,,ND,,ND,
2013-08-14,13:35,2013-08-15,13:35,,,2013-08-14,Fukushima prefecture,Futaba county Namie town,,,,,Around 9,2.0E-01,ND,,2.8E-02,,6.0E-02,,ND,,ND,
2013-08-14,09:10,2013-08-14,15:10,,,2013-08-14,Fukushima prefecture,Futaba county Futaba town,,,,,Around 4,1.7E+00,ND,,ND,,9.4E-04,,ND,,ND,
2013-08-14,14:03,2013-08-15,14:03,,,2013-08-14,Fukushima prefecture,Futaba county Okuma town,,,,,Around 5,1.7E+00,ND,,ND,,4.1E-04,,ND,,ND,
2013-08-14,14:30,2013-08-15,14:30,,,2013-08-14,Fukushima prefecture,Futaba county Tomioka town,,,,,Around 9,2.6E+00,ND,,ND,,4.6E-04,,ND,,ND,
2013-08-14,14:47,2013-08-15,14:47,,,2013-08-14,Fukushima prefecture,Futaba county Naraha town,,,,,Around 16,2.0E-01,ND,,ND,,2.2E-04,,ND,,ND,
2013-08-28,13:11,2013-08-29,13:11,,,2013-08-28,Fukushima prefecture,Minamisoma city,,,,,Around 16,1.0E-01,ND,,ND,,2.1E-04,,ND,,ND,
2013-08-28,13:35,2013-08-29,13:35,,,2013-08-28,Fukushima prefecture,Futaba county Namie town,,,,,Around 9,2.0E-01,ND,,3.5E-04,,8.7E-04,,ND,,ND,
2013-08-28,14:03,2013-08-29,14:03,,,2013-08-28,Fukushima prefecture,Futaba county Okuma town,,,,,Around 5,1.8E+00,ND,,ND,,5.4E-04,,ND,,ND,
2013-08-28,14:32,2013-08-29,14:32,,,2013-08-28,Fukushima prefecture,Futaba county Tomioka town,,,,,Around 9,2.8E+00,ND,,ND,,6.5E-04,,ND,,ND,
2013-08-28,14:50,2013-08-29,14:50,,,2013-08-28,Fukushima prefecture,Futaba county Naraha town,,,,,Around 16,3.0E-01,ND,,ND,,2.5E-04,,ND,,ND,
2013-09-11,13:08,2013-09-12,13:08,,,2013-09-11,Fukushima prefecture,Minamisoma city,,,,,Around 16,1.0E-01,ND,,ND,,4.4E-04,,ND,,ND,
2013-09-11,13:34,2013-09-12,13:34,,,2013-09-11,Fukushima prefecture,Futaba county Namie town,,,,,Around 9,2.0E-01,ND,,5.9E-04,,1.4E-03,,ND,,ND,
2013-09-11,09:10,2013-09-11,15:10,,,2013-09-11,Fukushima prefecture,Futaba county Futaba town,,,,,Around 4,1.7E+00,ND,,1.3E-03,,3.3E-03,,ND,,ND,
2013-09-11,14:03,2013-09-12,14:03,,,2013-09-11,Fukushima prefecture,Futaba county Okuma town,,,,,Around 5,1.7E+00,ND,,6.9E-04,,1.9E-03,,ND,,ND,
2013-09-11,14:36,2013-09-12,14:36,,,2013-09-11,Fukushima prefecture,Futaba county Tomioka town,,,,,Around 9,2.2E+00,ND,,ND,,5.4E-04,,ND,,ND,
2013-09-11,14:58,2013-09-12,14:58,,,2013-09-11,Fukushima prefecture,Futaba county Naraha town,,,,,Around 16,3.0E-01,ND,,ND,,ND,,ND,,ND,
2013-09-25,13:08,2013-09-26,13:08,,,2013-09-25,Fukushima prefecture,Minamisoma city,,,,,Around 16,1.0E-01,ND,,ND,,ND,,ND,,ND,
2013-09-25,13:33,2013-09-26,13:33,,,2013-09-25,Fukushima prefecture,Futaba county Namie town,,,,,Around 9,2.0E-01,ND,,ND,,2.5E-04,,ND,,ND,
2013-09-25,14:02,2013-09-26,14:02,,,2013-09-25,Fukushima prefecture,Futaba county Okuma town,,,,,Around 5,1.7E+00,ND,,ND,,6.4E-04,,ND,,ND,
2013-09-25,14:23,2013-09-26,14:23,,,2013-09-25,Fukushima prefecture,Futaba county Tomioka town,,,,,Around 9,2.7E+00,ND,,ND,,4.6E-04,,ND,,ND,
2013-09-25,14:40,2013-09-26,14:40,,,2013-09-25,Fukushima prefecture,Futaba county Naraha town,,,,,Around 16,3.0E-01,ND,,ND,,ND,,ND,,ND,
2013-10-09,13:08,2013-10-10,13:08,,,2013-10-09,Fukushima prefecture,Minamisoma city,,,,,Around 16,1.0E-01,ND,,3.0E-04,,6.9E-04,,ND,,ND,
2013-10-09,13:34,2013-10-10,13:34,,,2013-10-09,Fukushima prefecture,Futaba county Namie town,,,,,Around 9,2.0E-01,ND,,ND,,3.5E-04,,ND,,ND,
2013-10-09,09:33,2013-10-09,15:33,,,2013-10-09,Fukushima prefecture,Futaba county Futaba town,,,,,Around 4,1.5E+00,ND,,ND,,3.5E-03,,ND,,ND,
2013-10-09,14:05,2013-10-10,14:05,,,2013-10-09,Fukushima prefecture,Futaba county Okuma town,,,,,Around 5,1.7E+00,ND,,2.8E-04,,5.7E-04,,ND,,ND,
2013-10-09,14:24,2013-10-10,14:24,,,2013-10-09,Fukushima prefecture,Futaba county Tomioka town,,,,,Around 9,2.4E+00,ND,,ND,,5.8E-04,,ND,,ND,
2013-10-09,14:42,2013-10-10,14:42,,,2013-10-09,Fukushima prefecture,Futaba county Naraha town,,,,,Around 16,3.0E-01,ND,,ND,,ND,,ND,,ND,
2013-10-23,13:10,2013-10-24,13:10,,,2013-10-23,Fukushima prefecture,Minamisoma city,,,,,Around 16,1.0E-01,ND,,ND,,2.1E-04,,ND,,ND,
2013-10-23,13:38,2013-10-24,13:38,,,2013-10-23,Fukushima prefecture,Futaba county Namie town,,,,,Around 9,2.0E-01,ND,,ND,,4.7E-04,,ND,,ND,
2013-10-23,14:05,2013-10-24,14:05,,,2013-10-23,Fukushima prefecture,Futaba county Okuma town,,,,,Around 5,1.5E+00,ND,,ND,,4.5E-04,,ND,,ND,
2013-10-23,14:35,2013-10-24,14:35,,,2013-10-23,Fukushima prefecture,Futaba county Tomioka town,,,,,Around 9,2.2E+00,ND,,ND,,3.3E-04,,ND,,ND,
2013-10-23,14:58,2013-10-24,14:58,,,2013-10-23,Fukushima prefecture,Futaba county Naraha town,,,,,Around 16,3.0E-01,ND,,ND,,ND,,ND,,ND,
2013-11-06,13:07,2013-11-07,13:07,,,2013-11-06,Fukushima prefecture,Minamisoma city,,,,,Around 16,1.0E-01,ND,,ND,,ND,,ND,,ND,
2013-11-06,13:30,2013-11-07,13:30,,,2013-11-06,Fukushima prefecture,Futaba county Namie town,,,,,Around 9,2.0E-01,ND,,ND,,3.0E-04,,ND,,ND,
2013-11-06,09:19,2013-11-06,15:19,,,2013-11-06,Fukushima prefecture,Futaba county Futaba town,,,,,Around 4,1.4E+00,ND,,4.8E-03,,1.2E-02,,ND,,ND,
2013-11-06,13:55,2013-11-07,13:55,,,2013-11-06,Fukushima prefecture,Futaba county Okuma town,,,,,Around 5,1.4E+00,ND,,ND,,3.5E-04,,ND,,ND,
2013-11-06,14:19,2013-11-07,14:19,,,2013-11-06,Fukushima prefecture,Futaba county Tomioka town,,,,,Around 9,2.3E+00,ND,,4.7E-04,,8.5E-04,,ND,,ND,
2013-11-06,14:40,2013-11-07,14:40,,,2013-11-06,Fukushima prefecture,Futaba county Naraha town,,,,,Around 16,3.0E-01,ND,,ND,,ND,,ND,,ND,
2013-11-20,13:10,2013-11-21,13:10,,,2013-11-20,Fukushima prefecture,Minamisoma city,,,,,Around 16,1.0E-01,ND,,ND,,ND,,ND,,ND,
2013-11-20,13:38,2013-11-21,13:38,,,2013-11-20,Fukushima prefecture,Futaba county Namie town,,,,,Around 9,2.0E-01,ND,,ND,,2.9E-04,,ND,,ND,
2013-11-20,14:04,2013-11-21,14:04,,,2013-11-20,Fukushima prefecture,Futaba county Okuma town,,,,,Around 5,1.6E+00,ND,,ND,,5.1E-04,,ND,,ND,
2013-11-20,14:26,2013-11-21,14:26,,,2013-11-20,Fukushima prefecture,Futaba county Tomioka town,,,,,Around 9,2.4E+00,ND,,ND,,ND,,ND,,ND,
2013-11-20,14:45,2013-11-21,14:45,,,2013-11-20,Fukushima prefecture,Futaba county Naraha town,,,,,Around 16,2.0E-01,ND,,ND,,ND,,ND,,ND,
2013-12-04,13:07,2013-12-05,13:07,,,2013-12-04,Fukushima prefecture,Minamisoma city,,,,,Around 16,1.0E-01,ND,,ND,,1.9E-04,,ND,,ND,
2013-12-04,13:33,2013-12-05,13:33,,,2013-12-04,Fukushima prefecture,Futaba county Namie town,,,,,Around 9,2.0E-01,ND,,ND,,ND,,ND,,ND,
2013-12-04,09:15,2013-12-04,15:15,,,2013-12-04,Fukushima prefecture,Futaba county Futaba town,,,,,Around 4,1.7E+00,ND,,ND,,ND,,ND,,ND,
2013-12-04,14:04,2013-12-05,14:04,,,2013-12-04,Fukushima prefecture,Futaba county Okuma town,,,,,Around 5,1.7E+00,ND,,ND,,4.7E-04,,ND,,ND,
2013-12-04,14:24,2013-12-05,14:24,,,2013-12-04,Fukushima prefecture,Futaba county Tomioka town,,,,,Around 9,2.1E+00,ND,,1.2E-03,,3.0E-03,,ND,,ND,
2013-12-04,14:47,2013-12-05,14:47,,,2013-12-04,Fukushima prefecture,Futaba county Naraha town,,,,,Around 16,3.0E-01,ND,,ND,,ND,,ND,,ND,
2013-12-18,13:08,2013-12-19,13:08,,,2013-12-18,Fukushima prefecture,Minamisoma city,,,,,Around 16,1.0E-01,ND,,ND,,ND,,ND,,ND,
2013-12-18,13:33,2013-12-19,13:33,,,2013-12-18,Fukushima prefecture,Futaba county Namie town,,,,,Around 9,3.0E-01,ND,,ND,,ND,,ND,,ND,
2013-12-18,14:02,2013-12-19,14:02,,,2013-12-18,Fukushima prefecture,Futaba county Okuma town,,,,,Around 5,1.6E+00,ND,,ND,,ND,,ND,,ND,
2013-12-18,14:30,2013-12-19,14:30,,,2013-12-18,Fukushima prefecture,Futaba county Tomioka town,,,,,Around 9,1.4E+00,ND,,2.9E-04,,6.5E-04,,ND,,ND,
2013-12-18,14:48,2013-12-19,14:48,,,2013-12-18,Fukushima prefecture,Futaba county Naraha town,,,,,Around 16,3.0E-01,ND,,ND,,2.9E-04,,ND,,ND,
2014-01-03,13:58,2014-01-04,13:58,,,2014-01-03,Fukushima prefecture,Minamisoma city,,,,,Around 16,1.0E-01,ND,,ND,,ND,,ND,,ND,
2014-01-03,14:27,2014-01-04,14:27,,,2014-01-03,Fukushima prefecture,Futaba county Namie town,,,,,Around 9,2.0E-01,ND,,ND,,2.4E-04,,ND,,ND,
2014-01-03,09:51,2014-01-03,15:51,,,2014-01-03,Fukushima prefecture,Futaba county Futaba town,,,,,Around 4,1.5E+00,ND,,ND,,1.4E-03,,ND,,ND,
2014-01-03,11:19,2014-01-04,11:19,,,2014-01-03,Fukushima prefecture,Futaba county Okuma town,,,,,Around 5,1.8E+00,ND,,ND,,ND,,ND,,ND,
2014-01-03,10:52,2014-01-04,10:52,,,2014-01-03,Fukushima prefecture,Futaba county Tomioka town,,,,,Around 9,1.3E+00,ND,,ND,,2.4E-04,,ND,,ND,
2014-01-03,10:31,2014-01-04,10:31,,,2014-01-03,Fukushima prefecture,Futaba county Naraha town,,,,,Around 16,2.0E-01,ND,,ND,,ND,,ND,,ND,
2014-01-15,13:05,2014-01-16,13:05,,,2014-01-15,Fukushima prefecture,Minamisoma city,,,,,Around 16,1.0E-01,ND,,ND,,2.5E-04,,ND,,ND,
2014-01-15,13:28,2014-01-16,13:28,,,2014-01-15,Fukushima prefecture,Futaba county Namie town,,,,,Around 9,2.0E-01,ND,,ND,,ND,,ND,,ND,
2014-01-15,13:57,2014-01-16,13:57,,,2014-01-15,Fukushima prefecture,Futaba county Okuma town,,,,,Around 5,1.4E+00,ND,,6.7E-04,,1.5E-03,,ND,,ND,
2014-01-15,14:29,2014-01-16,14:29,,,2014-01-15,Fukushima prefecture,Futaba county Tomioka town,,,,,Around 9,1.7E+00,ND,,2.1E-03,,4.5E-03,,ND,,ND,
2014-01-15,14:49,2014-01-16,14:49,,,2014-01-15,Fukushima prefecture,Futaba county Naraha town,,,,,Around 16,2.0E-01,ND,,ND,,ND,,ND,,ND,
